-- phpMyAdmin SQL Dump
-- version 3.3.9
-- http://www.phpmyadmin.net
--
-- Servidor: localhost
-- Tempo de Geração: Set 19, 2011 as 05:03 PM
-- Versão do Servidor: 5.5.8
-- Versão do PHP: 5.3.5

SET SQL_MODE="NO_AUTO_VALUE_ON_ZERO";


/*!40101 SET @OLD_CHARACTER_SET_CLIENT=@@CHARACTER_SET_CLIENT */;
/*!40101 SET @OLD_CHARACTER_SET_RESULTS=@@CHARACTER_SET_RESULTS */;
/*!40101 SET @OLD_COLLATION_CONNECTION=@@COLLATION_CONNECTION */;
/*!40101 SET NAMES utf8 */;

--
-- Banco de Dados: `lavaluvas`
--

-- --------------------------------------------------------

--
-- Estrutura da tabela `tblcentro`
--

CREATE TABLE IF NOT EXISTS `tblcentro` (
  `Id` int(11) NOT NULL AUTO_INCREMENT,
  `Descricao` text,
  `IdUsuario` int(11) DEFAULT NULL,
  PRIMARY KEY (`Id`)
) ENGINE=InnoDB  DEFAULT CHARSET=latin1 AUTO_INCREMENT=25 ;

--
-- Extraindo dados da tabela `tblcentro`
--

INSERT INTO `tblcentro` (`Id`, `Descricao`, `IdUsuario`) VALUES
(22, 'PRODUÇÃO', NULL),
(23, 'ADMINISTRAÇÃO', NULL),
(24, 'MEIO AMBIENTE', NULL);

-- --------------------------------------------------------

--
-- Estrutura da tabela `tblcliente`
--

CREATE TABLE IF NOT EXISTS `tblcliente` (
  `id` int(11) NOT NULL AUTO_INCREMENT,
  `codigo` varchar(20) DEFAULT NULL,
  `nome` varchar(200) DEFAULT NULL,
  `tipo` varchar(1) DEFAULT NULL,
  `doc` varchar(30) DEFAULT NULL,
  `estadual` varchar(20) DEFAULT NULL,
  `municipal` varchar(20) DEFAULT NULL,
  `contato` varchar(50) DEFAULT NULL,
  `email` varchar(50) DEFAULT NULL,
  `telefone` varchar(20) DEFAULT NULL,
  `fax` varchar(20) DEFAULT NULL,
  `celular` varchar(20) DEFAULT NULL,
  `inicio` varchar(20) DEFAULT NULL,
  `extra` text,
  `extra2` text,
  `extra3` text,
  `endereco` varchar(100) DEFAULT NULL,
  `bairro` varchar(20) DEFAULT NULL,
  `cidade` varchar(20) DEFAULT NULL,
  `estado` varchar(10) DEFAULT NULL,
  `cep` varchar(20) DEFAULT NULL,
  `endereco1` varchar(100) DEFAULT NULL,
  `bairro1` varchar(20) DEFAULT NULL,
  `cidade1` varchar(20) DEFAULT NULL,
  `estado1` varchar(20) DEFAULT NULL,
  `cep1` varchar(20) DEFAULT NULL,
  `obs` text,
  `numero` varchar(10) CHARACTER SET utf8 DEFAULT NULL,
  `numero1` varchar(10) CHARACTER SET utf8 DEFAULT NULL,
  `reajuste` date DEFAULT NULL,
  `fantasia` varchar(100) NOT NULL,
  `status` int(11) NOT NULL,
  `idforma` int(11) NOT NULL,
  `obs1` text NOT NULL,
  `idvendedor` int(11) NOT NULL,
  PRIMARY KEY (`id`)
) ENGINE=InnoDB  DEFAULT CHARSET=latin1 AUTO_INCREMENT=50 ;

--
-- Extraindo dados da tabela `tblcliente`
--

INSERT INTO `tblcliente` (`id`, `codigo`, `nome`, `tipo`, `doc`, `estadual`, `municipal`, `contato`, `email`, `telefone`, `fax`, `celular`, `inicio`, `extra`, `extra2`, `extra3`, `endereco`, `bairro`, `cidade`, `estado`, `cep`, `endereco1`, `bairro1`, `cidade1`, `estado1`, `cep1`, `obs`, `numero`, `numero1`, `reajuste`, `fantasia`, `status`, `idforma`, `obs1`, `idvendedor`) VALUES
(5, '2', 'PROEMA AUTOMOTIVA S/A', 'J', '04450767000254', '001.011.838-0095', NULL, 'HEVERTON / CELSO', 'lourdes.amaral@proema.com', '(31) 2102 - 9700', NULL, NULL, '2007-11-27T00:00:00', 'Atendimento fixo\nToda 2ª e 6ª-feira coleta / entrega', NULL, NULL, NULL, NULL, NULL, NULL, NULL, 'AV. ENG GERHAD ETT', 'PAULO CAMILO', 'BETIM', 'MG', '32530-480', NULL, NULL, 'S/N', '2011-12-31', 'PROEMA', 0, 4, '', 0),
(6, '3', 'CEVA LOGISTICS LTDA', 'J', '43854116004783', '067.729.316-0185', NULL, 'OSVALDINA / GISELLE', 'giselle.montoya@cevalogistics.com', '(31) 2123 - 3431', '(31) 8465 - 0686', '(31) 2123 - 2998', '2010-10-08T00:00:00', 'Horário de atendimento: Preferencialmente na parte da manhã - 09:00 hs\nPortaria 03 - galpão 21 - bloco B', '(31) 8465 - 0686 Gisele Montoya (31) 8491-8416 Eduardo Domingos\n(31) 2123-2994\n(31) 2123-6489', 'DEPÓSITO EM CONTA\n', NULL, NULL, NULL, NULL, NULL, 'ROD. FERNÃO DIAS', 'JARDIM TERESOPOLIS', 'BETIM', 'MG', '32.500-630', NULL, NULL, 'KM 429', '2011-10-07', 'CEVA FIAT', 0, 5, '', 0),
(7, '4', 'TECNOMETAL ENG. E CONST. MECANICA LTDA', 'J', '38625489000160', '712.666.748-0085', NULL, 'LUCIANO / MAERCIO', 'edilaura.goncalves@tecnometal.com.br', '(31) 2122 - 2427', '(31) 2122 - 2441', NULL, '2011-06-01T00:00:00', 'CADASTRADO DESDE 27/11/2007', NULL, NULL, NULL, NULL, NULL, NULL, NULL, 'AV. DAS NACOES', 'DISTRITO INDUSTRIAL', 'VESPASIANO', 'MG', '33.200-000', NULL, NULL, '3801', '2012-05-31', 'TECNOMETAL', 0, 5, '', 0),
(9, '6', 'TENACE ENGENHARIA E CONSULTORIA LTDA', 'J', '16047680000805', '000.000.000-0000', NULL, 'DIOGENES', 'diogenes.sales@tenace.com.br', '(31) 9273 - 3317', '(31) 9823 - 1064', '(31) 9764 - 4954', '2008-08-04T00:00:00', 'Cliente reativado em Abril/2011\nwanderley@tenace.com.br\n(31) 9755-4954\n\n\n', 'Cliente reativado em Abril/2011', 'MEDIÇÃO MENSAL', 'AV. TRAJANO DE ARAUJO VIANA', 'CINCO', 'CONTAGEM', 'MG', NULL, 'RUA ITATUBA', 'BELA VISTA', 'SALVADOR', 'BA', '40.279-700', 'PONTO DE REFERENCIA\nOBRA LOCALIZADA NO INTERIOR DA EMPRESA PETRONAS, PRÓXIMO AO SUPERMERCADO EXTRA.', '2500', '201', '2012-01-02', 'TENACE', 0, 5, '', 0),
(10, '7', 'MASTER DRILLING BRASIL LTDA', 'J', '04039255000119', '448.135.652-0067', '262031/001-0', 'FABRÍCIO', 'fabricio.amaral@masterdrilling.com.br', '(31) 3286 - 7877', '(31) 3286 - 7904', NULL, '2011-05-17T00:00:00', NULL, NULL, NULL, 'O MESMO', NULL, NULL, NULL, NULL, 'RUA LECY GOMES BARBOSA', 'DISTR INDL VALE DO J', 'BELO HORIZONTE', 'MG', '30664-004', NULL, NULL, '350', '2011-12-31', 'MASTER DRILLING', 0, 5, '', 0),
(11, '8', 'SOMA SERVIÇOS DE TI LTDA', 'J', '01100794000128', '567.967.896-0074', NULL, 'SANDRA LACERDA', 'm.martins@somatelecom.com.br', '(31) 3489 - 5800', NULL, '(31) 3489 - 5810', '2011-05-24T00:00:00', NULL, NULL, NULL, NULL, NULL, NULL, NULL, NULL, 'RUA JUPTER', 'ANA LÚCIA', 'SABARÁ', 'MG', '34710-160', NULL, NULL, '302', '2011-12-31', 'SOMA TELEINFORMATICA', 3, 5, '', 0),
(12, '9', 'BIBLOS EMPREENDIMENTOS IMOBILIÁRIOS LTDA', 'J', '09491961000110', '001.569.290-0092', NULL, 'SANDRO / FÁBIO', 'administrativo@construtorajab.com.br', '(31) 3221 - 8530', NULL, NULL, '2011-06-29T00:00:00', NULL, NULL, NULL, NULL, NULL, NULL, NULL, NULL, 'RUA FERNANDES TOURINHO', 'FUNCIONÁRIOS', 'BELO HORIZONTE', 'MG', '30112000', NULL, NULL, '376 - SALA', '2011-12-31', 'CONSTRUTORA JAB', 0, 5, '', 0),
(13, '10', 'ARQUA IND. BRAS. DE MANGUEIRAS LTDA', 'J', '08133315000119', '001.011.271-0034', NULL, 'JOANA DARC', 'financeiro@arqua.com.br ', '(31) 3597 - 0744', NULL, NULL, '2011-07-04T00:00:00', NULL, NULL, NULL, NULL, NULL, NULL, NULL, NULL, 'RUA TOYOTA', 'JARDIM PIEMONT', 'BETIM ', 'MG', '32680-580', NULL, NULL, '333', '2011-12-31', 'ARQUA', 3, 5, '', 0),
(14, '11', 'CONEDI PARTICIPAÇÕES LTDA', 'J', '07353227000160', '000.000.000-0000', NULL, 'WANDERLEY CARDOSO DOS SANTOS', 'wanderley@construtoramfonseca.com.br ', '(31) 3281 - 3236', NULL, '(31) 9216 - 0664', '2011-07-04T00:00:00', NULL, NULL, NULL, NULL, NULL, NULL, NULL, NULL, 'AV. ANTONIO CARLOS', 'LAGOINHA', 'BELO HORIZONTE', 'MG', '31210-010', NULL, NULL, '639', '2011-12-31', 'CONSTRUTORA M FONSECA LTDA', 0, 5, 'PONTO DE REFERENCIA:\nPRÓXIMO SENAI', 0),
(15, '12', 'FERRAMENTAS SAUDENSE LTDA', 'J', '05311761000188', '227.201.871-0088', NULL, 'RODRIGO', 'ferramentasaudense@yahoo.com.br ', '(31) 3857 - 1840', NULL, NULL, '2011-07-07T00:00:00', NULL, NULL, NULL, NULL, NULL, NULL, NULL, NULL, 'PRAÇA VIGÁRIO FELISBERTO', 'SANTA RITA', 'DOM SILVÉRIO', 'MG', '35440-000', NULL, NULL, '100', '2011-12-31', 'FERRAMENTAS SAUDENSE', 3, 5, 'PRÓXIMO IND FORJADOS SÃO ROMÃO', 0),
(16, '13', 'M&A COMERCIAL E SERVIÇOS LTDA', 'J', '04994527000130', NULL, NULL, NULL, NULL, NULL, NULL, NULL, '2011-07-14T00:00:00', NULL, NULL, NULL, NULL, NULL, NULL, NULL, NULL, 'RUA JOAQUIM NABUCO', 'JARDIM NANCY', 'MOGI DAS CRUZES', 'SP', '08735-120', 'COLETA NA REGAP / BETIM / MG.', NULL, '60', '2011-12-31', 'M & A', 0, 0, '', 0),
(17, '14', 'CEMANI LTDA', 'J', '20773883000180', '298.073.291-0089', NULL, 'WALTER / GERSON', 'seguranca@cemani.com ', '(31) 9866 - 2140', NULL, NULL, '2007-11-27T00:00:00', NULL, NULL, NULL, NULL, NULL, NULL, NULL, NULL, 'ROD RENATO AZEREDO', 'PIRATININGA', 'IBIRITÉ', 'MG', '32400-000', NULL, NULL, '800', '2011-12-31', 'CEMANI', 3, 1, '', 0),
(18, '15', 'CONSÓRCIO INTEGRAÇÃO', 'J', '13510928000168', '001.759.631-0044', '287431001-2', 'LUCIANO CRUZ', 'luciano@cowan.com.br ', '(31) 3427 - 6068', NULL, NULL, '2011-07-01T00:00:00', NULL, NULL, NULL, NULL, NULL, NULL, NULL, NULL, 'RUA DR ÁLVARO CAMARGOS', 'SÃO JOÃO BATISTA', 'BELO HORIZONTE', 'MG', '31515-200', NULL, NULL, '520', '2011-12-31', 'COWAN', 0, 5, 'MATRIZ: RUA GAL. ARANHA, 340 - SALA 407 . PAMPULHA - BH/MG.', 0),
(19, '16', 'BUNGE ALIMENTOS S/A', 'J', '84046101035817', '186.610.195-0975', NULL, 'ANDREIA O. SILVA', 'andreiao.silva@bunge.com', '(31) 3368 - 7600', NULL, '(31) 3368 - 7616', '2009-03-23T00:00:00', 'RAQUEL', NULL, NULL, NULL, NULL, NULL, NULL, NULL, 'AV VEREADOR JOAQUIM COSTA', 'CAMPINA VERDE', 'CONTAGEM ', 'MG', '32150-240', NULL, NULL, '1795', '2011-12-31', 'BUNGE', 0, 7, '', 1),
(20, '17', 'IMC SASTE - CONSTRUÇÕES, SERVIÇOS E COMÉRCIO LTDA', 'J', '67706853000114', NULL, 'CCM - 0009409', 'RENATO / FRANCIENE', 'franciene.vasconcelos@gmail.com  ', '(31) 9656 - 7766', NULL, '(31) 8437 - 0245', '2011-05-30T00:00:00', '(31) 9656-7766 - RENATO\n(31) 8437-0245 - FRANCIENE', NULL, NULL, 'REGAP', NULL, 'BETIM', 'MG', NULL, 'RUA PERO NETO', 'METRÔ PRAÇA DA ÁRVOR', 'SÃO PAULO', 'SP', '04.053-000', 'GALPÃO 8', NULL, '62', '2011-12-31', 'IMC SASTE', 0, 5, 'financeiro@imcsaste.com.br ', 0),
(21, '18', 'REFRAMAX ENGENHARIA LTDA', 'J', '07147444000101', '411.227.581-0096', '1963', 'MAIKON', 'maikon.oliveira@reframax.com.br ', '(31) 3029 - 8022', NULL, '(31) 3029 - 8002', '2011-07-08T00:00:00', '(31) 8448-2321', NULL, NULL, 'RUA BOA VISTA', 'CRUZEIRO', 'MATOZINHOS', 'MG', '35720-000', 'RUA ALENTEJO', 'SÃO FRANCISCO', 'BELO HORIZONTE', 'MG', '31255-110', NULL, '169', '1255', '2011-12-31', 'REFRAMAX', 0, 0, '', 0),
(23, '19', 'DEFESA FLORESTAL LTDA', 'J', '20286415000180', '713.199.012-0040', NULL, 'LUIZ PHELIPPE', 'compras@deflor.com.br ', '(31) 3011 - 3150', NULL, NULL, '2011-07-20T00:00:00', NULL, NULL, 'ORDEM DE COMPRA P/ FLÁVIO\n3011-3150.', 'RUA RIO SENA', 'RIACHO DAS PEDRAS', 'CONTAGEM', 'MG', NULL, 'RUA DOUTOR HORTA', 'CENTRO', 'VIÇOSA', 'MG', '36570-0000', NULL, '380', '16', '2011-12-31', 'DEFLOR BIOENGENHARIA', 0, 5, '', 0),
(24, '20', 'MOLAÇO LTDA', 'J', '18323212000175', '186.157.481-0092', NULL, 'MARCELO / ADELAIDE', 'adelaide@molacomolas.com.br', '(31) 3581 - 3713', NULL, '(31) 3394 - 0288', '2010-04-28T00:00:00', '(31) 8481-6788', NULL, NULL, 'BR O4O KM', 'SÃO SEBASTIÃO DAS ÁG', 'NOVA LIMA', 'MG', '34000-000', 'RUA VINTE', 'MORADA NOVA', 'CONTAGEM', 'MG', '32143-610', NULL, '544', '149', '2011-12-31', 'MOLAÇO', 0, 5, '', 0),
(25, '21', 'MOLAS MOLAÇO LTDA', 'J', '02771595000104', '186.002.359-0044', NULL, 'ADELAIDE', 'molas@molacomolas.com.br ', '(31) 3394 - 0288', NULL, '(31) 3581 - 3713', '2007-11-27T00:00:00', NULL, NULL, NULL, 'RUA VINTE', 'MORADA NOVA', 'CONTAGEM', 'MG', '32143-610', 'RUA VINTE', 'MORADA NOVA', 'CONTAGEM', 'MG', '32143-610', NULL, '46', '46', '2011-12-31', 'MOLAS MOLAÇO', 0, 5, '', 0),
(26, '22', 'MECMOLAS MOLAÇO COM DE PEÇAS E SERVIÇOS LTDA', 'J', '07146380000146', '000.000.000-0000', NULL, 'ALEXANDRE', 'alexandrebellezia@molacomolas.com.br ', NULL, NULL, NULL, '2010-04-28T00:00:00', NULL, NULL, NULL, 'BR 040', 'JARDIM CANADÁ', 'NOVA LIMA', 'MG', NULL, 'RUA VINTE', 'MORADA NOVA', 'CONTAGEM', 'MG', '32143-610', 'PRÓXIMO AO POSTO MUTUCA.', 'KM 544', '46', '2011-12-31', 'MECMOLAS', 0, 5, '', 0),
(27, '23', 'TRUCK CENTER MOLAÇO', 'J', '09442684000156', '001.064.751-0006', NULL, 'GEOVANE', 'truckcenter@molacomolas.com.br ', '(31) 3592 - 2301', NULL, NULL, '2009-04-03T00:00:00', NULL, NULL, NULL, 'BR 381', 'JARDIM PIEMONT', 'BETIM ', 'MG', '32536-000', 'BR 381', 'JARDIM PIEMONT', 'BETIM', 'MG', '32536-000', NULL, 'KM 424', 'KM 424', '2011-12-31', 'TRUCK CENTER', 0, 5, '', 0),
(28, '24', 'MARIA ELIZA  CORREIA DA COSTA', 'J', '05088426000162', '062.181.118-0069', NULL, 'LUCIANO / THAIS', 'luciano@tarfer.com.br ', '(31) 3336 - 1966', NULL, NULL, '2007-11-27T00:00:00', NULL, NULL, NULL, 'IDEM', NULL, NULL, NULL, NULL, 'ALAMEDA DIOGO DE SOUZA', 'CASTANHEIRA', 'BELO HORIZONTE', 'MG', '30670-040', NULL, NULL, '110', '2011-12-31', 'TARFER', 0, 5, '', 0),
(29, '25', 'DECORALITA INDÚSTRIA E COMÉRCIO LTDA A', 'J', '17222720000102', '186.009.890-0016', NULL, 'RONILDO', NULL, '(31) 3329 - 1333', NULL, NULL, '2007-11-27T00:00:00', NULL, NULL, NULL, 'IDEM', NULL, NULL, NULL, NULL, 'AV PERIMETRAL', 'VALE DO JATOBÁ', 'BELO HORIZONTE', 'MG', '30664-250', NULL, NULL, '1800A', '2011-12-31', 'DECORALITA', 0, 5, '', 0),
(30, '26', 'RK MATERIAL DE SEGURANÇA LTDA', 'J', '08409309000141', '001.030.427-0083', NULL, 'RAMON / ROBERT', 'rk.ramon@terra.com.br', '(31) 2567 - 0942', NULL, NULL, '2007-11-27T00:00:00', 'robert_rk@terra.com.br ', '9905-7819 RAMON\n9775-0942 ROBERT\n8815-4952 KEYLA', NULL, NULL, NULL, NULL, NULL, NULL, 'RUA JOAQUIM CAMARGOS', 'ÁGUA BRANCA', 'CONTAGEM', 'MG', '32371-170', NULL, NULL, '178', '2011-12-31', 'RK', 0, 0, '', 0),
(31, '27', 'MORIND MINAS LTDA', 'J', '02413077000119', '067.735.236-0025', NULL, 'ORESTES / NAJARA', 'orestes.souza@morind.com.br', '(31) 2123 - 6738', NULL, NULL, '2009-09-16T00:00:00', '7813-9324\n9616-6148 NAJARA', 'raquel.pires@morind.com.br  FINANCEIRO', NULL, 'IDEM', NULL, NULL, NULL, NULL, 'RUA MARINGÁ HORIZONTE', 'SANTA FÉ', 'BELO HORIZONTE', 'MG', '32630-680', NULL, NULL, '48', '2011-12-31', 'MORIND', 0, 5, '', 0),
(33, '29', 'SISTALI LTDA', 'J', '01740116000120', '062.675.325-0009', NULL, 'LUCIENE / ALEXANDRE', 'segurancatrabalho2@sistali.com.br ', '(31) 3555 - 0900', '(31) 3555 - 0916', NULL, '2010-07-01T00:00:00', '8489-4170\n8439-2374', NULL, NULL, 'IDEM', NULL, NULL, NULL, NULL, 'RUA DIAMANTE', 'SÃO JOAQUIM', 'CONTAGEM', 'MG', '32113-000', NULL, NULL, '470', '2011-12-31', 'SISTALI', 0, 5, '', 0),
(34, '30', 'MRV ENGENHARIA E PARTICIPAÇÕES S/A', 'J', '08343492000120', '001.035.989-0024', NULL, 'WEVERTON', 'rodrigo.cruz@mrv.com.br ', '(31) 3541 - 9556', NULL, NULL, '2011-05-06T00:00:00', 'residencial.sion@mrv.com.br  Valcides / 3281-8419', 'RODRIGO 9132-2493', NULL, 'RUA PATAGÔNIA', 'SION', 'BELO HORIZONTE', 'MG', NULL, 'AV RAJA GABAGLIA', 'ESTORIL', 'BELO HORIZONTE', 'MG', '30494-170', NULL, '1023', '2720', '2011-12-31', 'MRV', 0, 5, 'GRUPO AMBIÊNCIA ( HENRIQUE )', 0),
(35, '31', 'CONSTRUTORA RNV LTDA', 'J', '17247107000131', '062.935.880-0002', NULL, 'MARCUS/MATEUS/SIDNEY', 'marcus.vsp@ig.com.br ', NULL, NULL, NULL, '2010-08-23T00:00:00', '9828-1320 - MARCUS\n9779-2320 - SIDNEY', NULL, NULL, 'RUA BOAVENTURA', 'LIBERDADE', 'BELO HORIZONTE', 'MG', 'crnv@veloxmail.com.b', 'AV. PROF. MAGALHÃES PENIDO', 'AEROPORTO', 'BELO HORIZONTE', 'MG', '31270-700', 'Sidney', '1650', '697/301', '2011-12-31', 'RNV', 0, 5, '', 0),
(36, '32', 'CANOPUS EMPREENDIMENTOS E INCORPORAÇÕES LTDA', 'J', '16530651000123', '062.196.278-0014', NULL, 'RENAN / SIMONE', 'renan@canopus.com.br ', '(31) 3281 - 7070', NULL, NULL, '2011-06-01T00:00:00', 'amandapaula.sousa@hotmail.com ', NULL, NULL, 'RUA PADRE SEVERINO', 'SÃO PEDRO', 'BELO HORIZONTE', 'MG', NULL, 'RUA ANTÔNIO DE ALBUQUERQUE', 'FUNCIONÁRIOS', 'BELO HORIZONTE', 'MG', '30112-010', NULL, '349', '715', '2011-12-31', 'CANOPUS', 0, 5, 'NF na rua Padre Severino, 371 - CEP. 30330-150 - São Pedro - BH / MG', 0),
(37, '33', 'SANTA SABINA EMPREENDIMENTOS IMOBILIÁRIOS LTDA', 'J', '10414114000212', '001.499.396-0093', NULL, 'PAULO / KARINA', 'paulo.gama@construtoramodelo.com.br', '(31) 3451 - 3973', NULL, NULL, '2010-10-08T00:00:00', NULL, NULL, 'NÃO GERAR NF APÓS DIA 20 NEM FAZER ENTREGA NESSE PERÍODO.', 'IDEM', NULL, NULL, NULL, NULL, 'AV VILARINHO', 'CENÁCULO', 'BELO HORIZONTE', 'MG', '31615-250', NULL, NULL, '3050', '2011-12-31', 'CONSTRUTORA MODELO', 0, 5, '', 0),
(38, '34', 'EXPRESSO LAMOUNIER LTDA', 'J', '21228754000173', '487.631.798-0084', NULL, 'DENISE', 'cobranca@expressolamounier.com.br ', '(31) 3555 - 5500', NULL, NULL, '2011-07-25T00:00:00', NULL, NULL, NULL, 'IDEM', NULL, NULL, NULL, NULL, 'RUA SIMÃO ANTONIO', 'CINCÃO', 'CONTAGEM', 'MG', '32371-610', NULL, NULL, '800', '2011-12-31', 'EXPRESSO LAMOUNIER', 0, 5, '', 0),
(39, '35', 'EDIFICIO RESIDENCIAL SAINT PETERSBURG', 'J', '12373289000173', '000.000.000-0000', '82141500017', 'FABÍOLA', NULL, '(31) 3567 - 8618', NULL, '(31) 3643 - 0014', '2010-08-17T00:00:00', NULL, NULL, NULL, 'IDEM', NULL, NULL, NULL, NULL, 'RUA TENENTE BRITO MELO', 'BARRO PRETO', 'BELO HORIZONTE', 'MG', '301480-070', NULL, NULL, '516', '2011-12-31', 'ARAÚJO LIMA', 0, 5, '', 0),
(40, '36', 'ACOPLATION ANDAIMES LTDA', 'J', '02576794000161', '050.894.644-0032', '01010000364', 'RENATO MALHEIROS', 'obra09031.5@acoplation.com.br', '(31) 8396 - 7786', NULL, NULL, '2010-11-26T00:00:00', 'FALTA LANÇAR ABAFADOR NA TABELA DE PREÇOS A R$ 2,40', NULL, NULL, 'IDEM', NULL, NULL, NULL, NULL, 'RUA MANUEL EUZEBIO STARLING', 'ÁGUA SANTA', 'BALDIM', 'MG', '35706-000', NULL, NULL, '600 GPD', '2011-11-26', 'ACOPLATION NOVA LIMA', 0, 5, '', 0),
(41, '37', 'ACOPLATION ANDAIMES LTDA', 'J', '02576794000161', '050.894.644-0032', '01010000364', 'NILSON OLIVEIRA', 'coordenacao11010@acoplation.com.br', '(31) 9882 - 9360', NULL, NULL, '2010-11-26T00:00:00', 'FALTA LANÇAR ABAFADOS A R$ 2,40 CADA', NULL, NULL, NULL, NULL, NULL, NULL, NULL, 'RUA MANUEL EUZEBIO STARLING', 'ÁGUA SANTA', 'BALDIM', 'MG', '35706-000', NULL, NULL, '600 GPD', '2011-11-26', 'NUCLEO NOVA LIMA', 0, 5, '', 0),
(42, '38', 'MONICA BERNADETE MACHADO FERITAS', 'J', '97417539000182', '000.000.000-0000', '0', 'ANTÔNIO', 'lavanderiatine@yahoo.com.br', '(31) 3396 - 0048', NULL, NULL, '2007-02-01T00:00:00', NULL, NULL, NULL, 'IDEM', NULL, NULL, NULL, NULL, 'RUA DAS TEIXEIRAS', 'CENTRO', 'SANTA BÁRBARA', 'MG', '25960-000', NULL, NULL, '50', '2011-12-31', 'ANTÔNIO TINÉ', 0, 5, '', 0),
(43, '39', 'CEVA LOGISTICS LTDA', 'J', '43854116005160', '672.729.316-0233', NULL, 'FÁBIO', 'fabio.g.martins@cevalogistics.com', '(31) 2107 - 2341', '(31) 2107 - 2347', '(31) 9129 - 5012', '2011-03-11T00:00:00', 'Coleta e entrega quinzenais', NULL, NULL, 'IDEM', NULL, NULL, NULL, NULL, 'RODOVIA MG 238', 'ZONA RURAL', 'SETE LAGOAS', 'MG', '35701970', NULL, NULL, 'KM 74,2', '2011-12-31', 'CEVA SETE LAGOAS', 0, 5, '', 0),
(44, '40', 'CEVA MIRAFIOLLI P.A.', 'J', '43854116006727', '067.729.316-0592', NULL, 'REGIANE', NULL, '(31) 3507 - 2382', NULL, '(31) 8467 - 8482', '2011-03-11T00:00:00', NULL, NULL, NULL, 'IDEM', NULL, NULL, NULL, NULL, 'AV. MIRAFIORI', 'DISTRITO INDUSTRIAL', 'BETIM', 'MG', '32530510', NULL, NULL, 'S/N', '2011-12-31', 'MIRAFIOLLI', 0, 0, '', 0),
(45, '41', 'CONCRETO EMPREENDIMENTOS E PARTICIPAÇÕES LTDA', 'J', '05799240000111', '062.277.340-0010', NULL, 'DANIEL FALEIRO', 'adhara@concreto.com.br', '(31) 3281 - 5566', NULL, NULL, '2010-10-04T00:00:00', NULL, NULL, NULL, 'VÁRIOS', NULL, NULL, NULL, NULL, 'AV. BANDEIRANTES', 'MANGABEIRAS', 'BELO HORIZONTE', 'MG', '30315000', 'ALAMEDA DA SERRA, 155 - VALE DO SERENO -  NOVA LIMA- BLUE TOWER', NULL, '1518', '2011-12-31', 'CONCRETO', 0, 5, '', 0),
(46, '42', 'CONSÓRCIO MINA FÁBRICA', 'J', '11545190000149', '001.591.296-0080', NULL, 'WANDER DE CASTRO', 'wander@consorciominafabrica.com.br', '(31) 3731 - 5845', NULL, '(31) 9798 - 2381', '2010-09-01T00:00:00', NULL, NULL, NULL, 'IDEM', NULL, NULL, NULL, NULL, 'RUA IDEAL', 'CENTRO', 'CONGONHAS', 'MG', '36415000', NULL, NULL, '401 - SALA', '2011-12-31', 'MINA FÁBRICA', 0, 5, '', 0),
(47, '43', 'EDIFICIO RESIDENCIAL MONTSERRAT', 'J', '11425992000115', '000.000.000-0000', NULL, 'FABÍOLA', 'compras3@araujolima.com.br ', '(31) 3293 - 3019', NULL, NULL, '2010-07-30T00:00:00', NULL, NULL, NULL, 'IDEM', NULL, NULL, NULL, NULL, 'RUA BARÃO DE MACAÚBAS', 'SANTO ANTÔNIO', 'BELO HORIZONTE', 'MG', '30350090', NULL, NULL, '152', '2011-12-31', 'ARAÚJO LIMA', 0, 5, '', 0),
(48, '44', 'ATLANTIDA EMPREENDIMENTOS IMOBILIÁRIOS SPE LTDA', 'J', '08576078000241', '001.089.363-0055', NULL, 'JÚNIO CÉSAR QUIRINO', 'junio.quirino@lider.com', '(31) 2526 - 0928', NULL, NULL, '2010-10-05T00:00:00', 'Arivaldo\ndenis.gomes@lider.com ', NULL, NULL, 'RUA POUSO ALTO', 'SERRA', 'BELO HORIZONTE', 'MG', '30.240-210', 'AV RAJA GABAGLIA, SALA 107', 'CIDADE JARDIM', 'BELO HORIZONTE', 'MG', '30.380-090', 'R. FELIPE DOS SANTOS, 760 -LOURDES - BH -OBRA B20332', '630', '555', '2011-12-31', 'CONSTRUTORA LIDER', 0, 5, '', 0),
(49, '45', 'CONSTRUTORA TENDA S/A', 'J', '71476527003746', '062.466.860-0333', NULL, 'DANIELLE MARTINS', 'danielle.martins@construtoramodelo.com.br', '(31) 3635 - 5317', NULL, NULL, '2011-03-30T00:00:00', NULL, NULL, NULL, 'AV ADAIR DE SOUZA', 'CASTANHEIRA', 'SANTA LUZIA', 'MG', '33.113-010', 'RUA DOS TIMBIRAS, LOJA 4', 'BARRO PRETO', 'BELO HORIZONTE', 'MG', '30.140-062', NULL, '901', '2683', '2011-12-31', 'CONSTRUTORA MODELO', 0, 5, '', 4);

-- --------------------------------------------------------

--
-- Estrutura da tabela `tblclienteservico`
--

CREATE TABLE IF NOT EXISTS `tblclienteservico` (
  `id` int(11) NOT NULL AUTO_INCREMENT,
  `idcliente` int(11) DEFAULT NULL,
  `idservico` int(11) DEFAULT NULL,
  `valor` double(15,2) DEFAULT NULL,
  PRIMARY KEY (`id`)
) ENGINE=InnoDB  DEFAULT CHARSET=latin1 AUTO_INCREMENT=704 ;

--
-- Extraindo dados da tabela `tblclienteservico`
--

INSERT INTO `tblclienteservico` (`id`, `idcliente`, `idservico`, `valor`) VALUES
(2, 1, 1, 1550.40),
(3, 1, 2, 10.00),
(4, 2, 1, 2.29),
(5, 7, 6, 1.50),
(7, 6, 7, 1.71),
(8, 6, 9, 1.49),
(9, 6, 10, 1.35),
(10, 6, 12, 2.76),
(11, 6, 11, 2.76),
(12, 6, 5, 3.71),
(13, 6, 6, 1.22),
(14, 6, 2, 1.28),
(15, 6, 26, 1.47),
(16, 6, 33, 1.43),
(18, 6, 64, 0.42),
(19, 6, 63, 0.39),
(20, 6, 68, 1.05),
(21, 6, 67, 1.25),
(22, 6, 61, 1.05),
(23, 6, 69, 0.86),
(24, 6, 70, 1.10),
(25, 6, 71, 0.80),
(26, 6, 81, 0.23),
(27, 6, 84, 1.25),
(28, 6, 83, 1.25),
(29, 6, 98, 1.15),
(30, 6, 96, 1.15),
(31, 5, 98, 3.12),
(32, 5, 9, 2.25),
(33, 5, 8, 3.84),
(34, 5, 10, 2.25),
(36, 5, 12, 3.82),
(37, 5, 84, 3.12),
(38, 5, 19, 7.49),
(39, 5, 80, 4.49),
(40, 5, 5, 3.48),
(41, 5, 6, 1.18),
(42, 5, 2, 1.18),
(43, 5, 59, 2.56),
(44, 5, 64, 0.59),
(45, 5, 67, 1.53),
(46, 5, 68, 1.53),
(47, 5, 69, 1.67),
(48, 5, 70, 1.67),
(49, 5, 71, 1.67),
(50, 7, 33, 2.53),
(51, 7, 98, 2.66),
(52, 7, 37, 1.39),
(53, 7, 84, 2.66),
(54, 7, 11, 5.60),
(55, 7, 12, 4.82),
(56, 7, 38, 0.98),
(57, 7, 83, 2.66),
(58, 7, 19, 8.45),
(59, 7, 89, 2.53),
(60, 7, 108, 1.71),
(61, 7, 5, 3.82),
(62, 7, 6, 1.92),
(63, 7, 2, 1.92),
(64, 7, 27, 5.60),
(65, 7, 70, 1.66),
(66, 7, 69, 1.55),
(67, 7, 35, 2.53),
(68, 7, 71, 1.55),
(69, 7, 7, 1.49),
(70, 9, 72, 1.95),
(71, 9, 10, 2.36),
(72, 9, 11, 8.87),
(73, 9, 12, 7.83),
(74, 9, 19, 10.58),
(75, 9, 5, 5.49),
(76, 9, 6, 1.85),
(77, 9, 2, 1.85),
(78, 9, 27, 10.58),
(79, 9, 33, 1.46),
(80, 9, 35, 3.11),
(81, 9, 38, 0.92),
(82, 9, 40, 5.78),
(83, 9, 64, 0.66),
(84, 9, 69, 1.70),
(85, 9, 72, 1.95),
(86, 9, 71, 1.70),
(87, 9, 78, 1.91),
(88, 9, 66, 1.97),
(89, 9, 98, 4.28),
(90, 10, 7, 2.44),
(91, 10, 11, 9.87),
(92, 10, 12, 8.71),
(93, 10, 19, 11.78),
(94, 10, 5, 5.82),
(95, 10, 6, 2.52),
(96, 10, 2, 2.52),
(97, 10, 35, 3.59),
(98, 10, 38, 1.03),
(99, 10, 40, 6.21),
(100, 10, 64, 0.72),
(101, 10, 69, 2.79),
(102, 10, 70, 2.93),
(103, 10, 78, 4.27),
(104, 10, 84, 4.76),
(105, 10, 98, 4.76),
(106, 11, 7, 2.44),
(107, 11, 11, 9.87),
(108, 11, 12, 8.71),
(109, 11, 5, 6.35),
(110, 11, 6, 2.52),
(111, 11, 125, 3.29),
(112, 11, 2, 2.52),
(113, 11, 126, 3.29),
(114, 11, 35, 3.59),
(115, 11, 38, 1.03),
(116, 11, 40, 6.35),
(117, 11, 69, 2.79),
(118, 11, 70, 2.93),
(119, 11, 78, 4.27),
(120, 11, 164, 7.63),
(121, 11, 84, 4.76),
(122, 11, 98, 4.76),
(123, 12, 7, 2.44),
(124, 12, 11, 9.87),
(125, 12, 12, 8.71),
(126, 12, 5, 5.82),
(127, 12, 6, 2.52),
(128, 12, 2, 2.52),
(129, 12, 26, 2.63),
(130, 12, 33, 2.63),
(131, 12, 35, 3.59),
(132, 12, 38, 1.03),
(133, 12, 40, 6.21),
(134, 12, 59, 2.56),
(135, 12, 64, 0.72),
(136, 12, 69, 2.79),
(137, 12, 70, 2.93),
(138, 12, 84, 4.76),
(139, 12, 98, 4.76),
(140, 13, 6, 2.42),
(141, 13, 64, 0.69),
(142, 13, 16, 1.98),
(143, 13, 59, 2.74),
(144, 13, 5, 5.78),
(145, 14, 7, 2.44),
(146, 14, 11, 9.87),
(147, 14, 12, 8.71),
(148, 14, 19, 11.78),
(149, 14, 5, 5.82),
(150, 14, 6, 2.52),
(151, 14, 2, 2.52),
(152, 14, 26, 2.63),
(153, 14, 33, 2.63),
(154, 14, 35, 3.59),
(155, 14, 38, 1.03),
(156, 14, 40, 6.21),
(157, 14, 64, 0.72),
(158, 14, 69, 2.79),
(159, 14, 70, 2.93),
(160, 14, 78, 4.27),
(161, 14, 84, 4.76),
(162, 14, 98, 4.76),
(163, 15, 7, 2.44),
(164, 15, 11, 9.87),
(165, 15, 12, 8.71),
(166, 15, 19, 11.76),
(167, 15, 5, 5.82),
(168, 15, 6, 2.52),
(169, 15, 2, 2.52),
(170, 15, 26, 2.63),
(171, 15, 33, 2.63),
(172, 15, 35, 3.59),
(173, 15, 38, 1.03),
(174, 15, 40, 6.21),
(175, 15, 64, 0.72),
(176, 15, 69, 2.79),
(177, 15, 70, 2.93),
(178, 15, 78, 4.27),
(179, 15, 84, 4.76),
(180, 15, 98, 4.76),
(181, 16, 11, 9.87),
(182, 16, 12, 8.71),
(183, 16, 16, 1.98),
(184, 16, 5, 6.35),
(185, 16, 6, 2.42),
(186, 16, 2, 2.42),
(187, 16, 26, 2.63),
(188, 16, 33, 2.63),
(189, 16, 35, 3.59),
(190, 16, 38, 1.03),
(191, 16, 40, 6.21),
(192, 16, 64, 0.73),
(193, 16, 69, 2.79),
(194, 16, 70, 2.93),
(195, 16, 88, 2.34),
(196, 17, 11, 8.15),
(197, 17, 12, 7.03),
(198, 17, 10, 2.89),
(199, 17, 19, 9.03),
(200, 17, 27, 9.03),
(201, 17, 22, 1.98),
(202, 17, 5, 4.64),
(203, 17, 6, 2.52),
(204, 17, 2, 2.52),
(205, 17, 33, 2.48),
(206, 17, 26, 2.48),
(207, 17, 35, 3.59),
(208, 17, 38, 0.97),
(209, 17, 40, 5.49),
(210, 17, 64, 0.66),
(211, 17, 69, 2.56),
(212, 17, 71, 2.56),
(213, 18, 59, 2.42),
(214, 18, 6, 2.29),
(215, 18, 5, 6.35),
(216, 18, 69, 2.56),
(217, 18, 71, 1.96),
(218, 18, 154, 1.80),
(219, 18, 67, 1.80),
(220, 19, 7, 2.34),
(221, 19, 93, 2.34),
(222, 19, 11, 9.80),
(223, 19, 12, 8.66),
(224, 19, 19, 11.70),
(225, 19, 27, 11.70),
(226, 19, 5, 5.81),
(227, 19, 6, 2.42),
(228, 19, 2, 2.42),
(229, 19, 33, 2.62),
(230, 19, 40, 5.81),
(231, 20, 5, 6.35),
(232, 20, 6, 2.42),
(233, 20, 2, 2.42),
(234, 20, 35, 3.59),
(235, 20, 38, 1.03),
(236, 20, 64, 0.72),
(237, 20, 69, 2.79),
(238, 20, 70, 2.93),
(239, 21, 5, 5.78),
(240, 21, 6, 1.98),
(241, 21, 2, 1.98),
(242, 21, 26, 2.48),
(243, 21, 33, 2.48),
(244, 21, 35, 3.21),
(245, 21, 37, 1.37),
(246, 21, 38, 0.97),
(247, 21, 50, 4.90),
(248, 21, 54, 0.60),
(249, 21, 60, 0.98),
(250, 21, 64, 0.59),
(251, 21, 69, 2.21),
(252, 21, 70, 2.39),
(253, 21, 78, 2.86),
(254, 21, 105, 1.42),
(255, 23, 6, 2.29),
(256, 23, 2, 2.29),
(257, 23, 5, 5.49),
(258, 23, 25, 5.49),
(259, 23, 41, 3.93),
(260, 23, 33, 2.48),
(261, 23, 118, 1.98),
(262, 23, 98, 4.32),
(263, 23, 38, 0.92),
(264, 23, 44, 24.10),
(265, 23, 54, 0.84),
(266, 23, 60, 1.79),
(267, 23, 7, 2.21),
(268, 23, 145, 1.98),
(269, 25, 69, 2.69),
(270, 25, 70, 2.91),
(271, 25, 26, 2.62),
(272, 25, 7, 2.45),
(273, 25, 35, 3.80),
(274, 25, 10, 3.06),
(275, 24, 69, 2.69),
(276, 24, 70, 2.91),
(277, 24, 26, 2.62),
(278, 24, 7, 2.45),
(279, 24, 35, 3.80),
(280, 24, 10, 3.06),
(281, 24, 11, 9.31),
(282, 24, 12, 8.22),
(283, 24, 59, 2.18),
(284, 24, 78, 4.07),
(285, 24, 33, 2.62),
(286, 24, 19, 11.11),
(287, 24, 98, 4.49),
(288, 24, 38, 1.07),
(289, 24, 2, 2.42),
(290, 24, 40, 5.81),
(291, 24, 5, 5.81),
(292, 24, 6, 2.42),
(293, 24, 71, 2.69),
(294, 24, 27, 11.11),
(295, 25, 11, 9.31),
(296, 25, 12, 8.22),
(297, 25, 59, 2.42),
(298, 25, 78, 4.07),
(299, 25, 33, 2.62),
(300, 25, 19, 11.11),
(301, 25, 98, 4.49),
(302, 25, 38, 1.02),
(303, 25, 2, 2.42),
(304, 25, 40, 5.81),
(305, 25, 5, 5.81),
(306, 25, 6, 2.42),
(307, 25, 71, 2.69),
(308, 25, 27, 11.11),
(309, 26, 69, 2.69),
(310, 26, 70, 2.91),
(311, 26, 26, 2.62),
(312, 26, 7, 2.45),
(313, 26, 35, 3.80),
(314, 26, 10, 3.06),
(315, 26, 11, 9.31),
(316, 26, 12, 8.22),
(317, 26, 59, 2.18),
(318, 26, 82, 4.07),
(319, 26, 33, 2.62),
(320, 26, 19, 11.11),
(321, 26, 98, 4.49),
(322, 26, 38, 1.02),
(323, 26, 2, 2.42),
(324, 26, 40, 5.81),
(325, 26, 5, 5.81),
(326, 26, 6, 2.42),
(327, 26, 71, 2.69),
(328, 26, 27, 11.11),
(329, 27, 7, 2.45),
(330, 27, 11, 9.31),
(331, 27, 12, 8.22),
(332, 27, 19, 11.11),
(333, 27, 27, 11.11),
(334, 27, 5, 5.81),
(335, 27, 6, 2.42),
(336, 27, 2, 2.42),
(337, 27, 33, 2.62),
(338, 27, 26, 2.62),
(339, 27, 35, 3.80),
(340, 27, 40, 5.81),
(341, 27, 64, 0.73),
(342, 27, 69, 2.69),
(343, 27, 68, 2.91),
(344, 27, 78, 4.07),
(345, 27, 98, 4.49),
(346, 27, 84, 4.49),
(347, 28, 69, 2.43),
(348, 28, 70, 2.63),
(349, 28, 98, 4.07),
(350, 28, 11, 8.43),
(351, 28, 12, 7.45),
(352, 28, 84, 4.07),
(353, 28, 71, 2.43),
(354, 28, 19, 10.09),
(355, 28, 5, 4.80),
(356, 28, 6, 2.30),
(357, 28, 2, 2.43),
(358, 29, 112, 3.77),
(359, 29, 7, 2.32),
(360, 29, 4, 0.59),
(361, 29, 138, 3.99),
(362, 29, 25, 5.49),
(363, 29, 5, 5.49),
(364, 29, 6, 2.39),
(365, 29, 2, 2.39),
(366, 29, 26, 2.48),
(367, 29, 33, 2.48),
(368, 29, 35, 3.59),
(369, 29, 41, 4.99),
(370, 30, 64, 0.24),
(371, 30, 67, 0.95),
(372, 30, 68, 1.00),
(373, 30, 66, 0.90),
(374, 30, 9, 1.79),
(375, 30, 11, 4.20),
(376, 30, 12, 3.90),
(377, 30, 69, 1.00),
(378, 30, 70, 1.20),
(379, 30, 71, 1.00),
(380, 30, 72, 1.20),
(381, 30, 61, 1.86),
(382, 30, 84, 1.82),
(383, 30, 5, 4.79),
(384, 30, 6, 1.57),
(385, 30, 2, 1.57),
(386, 30, 62, 0.30),
(387, 30, 59, 1.57),
(388, 30, 98, 1.82),
(389, 30, 65, 0.30),
(390, 31, 5, 5.49),
(391, 31, 7, 2.21),
(392, 31, 11, 8.87),
(393, 31, 12, 7.83),
(394, 31, 10, 2.36),
(395, 31, 19, 10.58),
(396, 31, 27, 10.58),
(397, 31, 26, 2.36),
(398, 31, 33, 2.36),
(399, 31, 35, 3.49),
(400, 31, 40, 5.49),
(401, 31, 64, 0.66),
(402, 31, 69, 2.56),
(403, 31, 71, 2.56),
(404, 31, 70, 2.77),
(405, 31, 72, 2.77),
(406, 31, 78, 3.84),
(407, 31, 84, 4.28),
(408, 31, 98, 4.28),
(409, 31, 77, 4.84),
(410, 32, 7, 2.34),
(411, 32, 93, 2.34),
(412, 32, 11, 9.80),
(413, 32, 12, 8.66),
(414, 32, 19, 11.70),
(415, 32, 27, 11.70),
(416, 32, 5, 5.81),
(417, 32, 6, 2.42),
(418, 32, 2, 2.42),
(419, 32, 33, 2.62),
(420, 32, 35, 3.15),
(421, 32, 40, 5.81),
(422, 32, 64, 0.73),
(423, 32, 66, 2.39),
(424, 32, 69, 2.69),
(425, 32, 71, 2.69),
(426, 32, 70, 2.91),
(427, 32, 78, 4.50),
(428, 32, 84, 4.58),
(429, 32, 98, 4.58),
(430, 33, 7, 2.44),
(431, 33, 93, 2.44),
(432, 33, 8, 1.90),
(433, 33, 10, 2.50),
(434, 33, 5, 5.49),
(435, 33, 21, 8.50),
(436, 33, 6, 2.18),
(437, 33, 2, 2.18),
(438, 33, 26, 2.61),
(439, 33, 33, 4.00),
(440, 33, 59, 2.65),
(441, 33, 64, 0.73),
(442, 33, 69, 2.74),
(443, 33, 71, 2.74),
(444, 33, 70, 2.97),
(445, 33, 84, 1.72),
(446, 33, 108, 0.65),
(447, 33, 56, 0.65),
(448, 33, 115, 1.50),
(449, 34, 7, 2.44),
(450, 34, 5, 5.82),
(451, 34, 6, 2.52),
(452, 34, 2, 2.52),
(453, 34, 33, 2.63),
(454, 34, 26, 2.63),
(455, 34, 35, 3.59),
(456, 34, 38, 1.03),
(457, 34, 40, 6.21),
(458, 35, 7, 2.32),
(459, 35, 11, 9.31),
(460, 35, 12, 8.22),
(461, 35, 10, 2.89),
(462, 35, 19, 11.11),
(463, 35, 5, 5.49),
(464, 35, 6, 2.39),
(465, 35, 2, 2.39),
(466, 35, 26, 2.48),
(467, 35, 33, 2.48),
(468, 35, 35, 3.59),
(469, 35, 38, 0.97),
(470, 35, 40, 5.49),
(471, 35, 64, 0.69),
(472, 35, 69, 2.69),
(473, 35, 71, 2.69),
(474, 35, 84, 4.49),
(475, 35, 98, 4.49),
(476, 35, 27, 11.11),
(477, 36, 7, 2.44),
(478, 36, 11, 9.87),
(479, 36, 12, 8.71),
(480, 36, 19, 11.78),
(481, 36, 5, 6.35),
(482, 36, 6, 2.52),
(483, 36, 2, 2.52),
(484, 36, 26, 2.63),
(485, 36, 33, 2.63),
(486, 36, 35, 3.59),
(487, 36, 38, 1.03),
(488, 36, 40, 6.21),
(489, 36, 64, 0.72),
(490, 36, 69, 2.79),
(491, 36, 69, 2.79),
(492, 36, 70, 2.93),
(493, 36, 78, 4.27),
(494, 37, 7, 2.32),
(495, 37, 11, 9.31),
(496, 37, 12, 8.22),
(497, 37, 19, 11.11),
(498, 37, 5, 5.49),
(499, 37, 6, 2.39),
(500, 37, 2, 2.39),
(501, 37, 33, 2.48),
(502, 37, 35, 3.59),
(503, 37, 38, 0.97),
(504, 37, 40, 5.49),
(505, 37, 64, 0.69),
(506, 37, 69, 2.69),
(507, 37, 71, 2.69),
(508, 37, 70, 2.91),
(509, 37, 72, 2.91),
(510, 37, 98, 4.49),
(511, 37, 84, 4.49),
(512, 37, 27, 11.11),
(513, 17, 29, 3.42),
(514, 17, 29, 3.42),
(515, 39, 7, 2.32),
(516, 39, 11, 9.31),
(517, 39, 12, 8.22),
(518, 39, 10, 2.89),
(519, 39, 19, 11.11),
(520, 39, 27, 11.11),
(521, 39, 5, 5.49),
(522, 39, 6, 2.39),
(523, 39, 26, 2.48),
(524, 39, 33, 2.48),
(525, 39, 35, 3.59),
(526, 39, 38, 0.97),
(527, 39, 40, 5.49),
(528, 39, 64, 0.69),
(529, 39, 69, 2.69),
(530, 39, 71, 2.69),
(531, 39, 70, 2.91),
(532, 39, 72, 2.91),
(533, 39, 77, 4.03),
(534, 39, 98, 4.49),
(535, 39, 84, 4.49),
(536, 40, 2, 3.16),
(537, 40, 6, 3.16),
(538, 40, 78, 3.75),
(539, 40, 40, 7.12),
(540, 40, 22, 3.68),
(541, 40, 98, 4.08),
(542, 40, 103, 1.30),
(543, 40, 35, 2.58),
(544, 40, 38, 1.30),
(545, 40, 5, 7.12),
(546, 40, 134, 21.00),
(547, 41, 6, 3.16),
(548, 41, 2, 3.16),
(549, 41, 78, 3.75),
(550, 41, 40, 7.12),
(551, 41, 22, 3.68),
(552, 41, 98, 4.08),
(553, 41, 103, 1.30),
(554, 41, 35, 2.58),
(555, 41, 38, 1.30),
(556, 41, 5, 7.12),
(557, 41, 134, 21.00),
(558, 42, 12, 4.84),
(559, 42, 11, 5.49),
(560, 42, 19, 7.84),
(561, 42, 120, 10.24),
(562, 42, 27, 6.79),
(563, 42, 119, 8.64),
(564, 42, 69, 1.43),
(565, 42, 71, 1.43),
(566, 42, 70, 1.49),
(567, 42, 72, 1.49),
(568, 42, 84, 2.69),
(569, 42, 98, 2.69),
(570, 42, 94, 7.60),
(571, 42, 121, 10.76),
(572, 43, 7, 1.71),
(573, 43, 9, 1.49),
(574, 43, 10, 1.35),
(575, 43, 11, 2.76),
(576, 43, 12, 2.76),
(577, 43, 5, 3.71),
(578, 43, 6, 1.22),
(579, 43, 2, 1.28),
(580, 43, 26, 1.47),
(581, 43, 33, 1.43),
(582, 43, 37, 0.48),
(583, 43, 64, 0.42),
(584, 43, 63, 0.39),
(585, 43, 68, 1.05),
(586, 43, 67, 1.25),
(587, 43, 61, 1.05),
(588, 43, 69, 0.86),
(589, 43, 70, 1.10),
(590, 43, 71, 0.80),
(591, 43, 81, 0.23),
(592, 43, 84, 1.25),
(593, 43, 83, 1.25),
(594, 43, 98, 1.15),
(595, 43, 96, 1.15),
(596, 44, 7, 1.71),
(597, 44, 9, 1.49),
(598, 44, 10, 1.35),
(599, 44, 12, 2.76),
(600, 44, 11, 2.96),
(601, 44, 5, 3.71),
(602, 44, 6, 1.22),
(603, 44, 2, 1.28),
(604, 44, 26, 1.47),
(605, 44, 33, 1.43),
(606, 44, 37, 0.48),
(607, 44, 64, 0.42),
(608, 44, 63, 0.39),
(609, 44, 68, 1.05),
(610, 44, 67, 1.25),
(611, 44, 61, 1.05),
(612, 44, 69, 0.86),
(613, 44, 70, 1.10),
(614, 44, 71, 0.80),
(615, 44, 81, 0.23),
(616, 44, 84, 1.25),
(617, 44, 83, 1.25),
(618, 44, 98, 1.15),
(619, 44, 96, 1.15),
(620, 45, 11, 9.31),
(621, 45, 12, 8.22),
(622, 45, 5, 5.81),
(623, 45, 6, 2.53),
(624, 45, 2, 2.53),
(625, 45, 59, 2.53),
(626, 45, 26, 2.62),
(627, 45, 33, 2.62),
(628, 45, 35, 3.40),
(629, 45, 38, 1.02),
(630, 45, 40, 5.81),
(631, 45, 69, 2.69),
(632, 45, 71, 2.69),
(633, 45, 70, 2.91),
(634, 45, 72, 2.91),
(635, 45, 98, 4.49),
(636, 45, 84, 4.49),
(637, 46, 7, 2.32),
(638, 46, 5, 5.49),
(639, 46, 6, 2.39),
(640, 46, 2, 2.39),
(641, 46, 33, 2.48),
(642, 46, 26, 2.48),
(643, 46, 35, 3.59),
(644, 46, 38, 0.97),
(645, 46, 146, 1.98),
(646, 46, 132, 3.98),
(647, 46, 64, 0.69),
(648, 46, 68, 2.56),
(649, 46, 69, 2.69),
(650, 46, 71, 2.69),
(651, 46, 72, 2.91),
(652, 46, 66, 2.26),
(653, 46, 78, 4.03),
(654, 46, 77, 6.84),
(655, 46, 98, 4.49),
(656, 46, 84, 4.49),
(657, 17, 70, 2.77),
(658, 17, 72, 2.77),
(659, 17, 88, 2.21),
(660, 17, 98, 4.28),
(661, 17, 84, 4.28),
(662, 48, 7, 2.21),
(663, 48, 11, 8.87),
(664, 48, 12, 7.83),
(665, 48, 10, 2.36),
(666, 48, 19, 10.58),
(667, 48, 27, 10.58),
(668, 48, 5, 5.49),
(669, 48, 6, 2.29),
(670, 48, 26, 2.36),
(671, 48, 33, 2.36),
(672, 48, 35, 3.49),
(673, 48, 38, 0.92),
(674, 48, 40, 4.83),
(675, 48, 66, 1.89),
(676, 48, 69, 1.95),
(677, 48, 71, 1.95),
(678, 48, 70, 2.77),
(679, 48, 72, 2.77),
(680, 48, 75, 4.84),
(681, 48, 78, 3.84),
(682, 48, 98, 4.28),
(683, 48, 84, 4.28),
(684, 49, 7, 2.44),
(685, 49, 11, 9.80),
(686, 49, 12, 8.66),
(687, 49, 19, 11.70),
(688, 49, 27, 11.70),
(689, 49, 5, 5.78),
(690, 49, 6, 2.52),
(691, 49, 35, 2.61),
(692, 49, 38, 1.02),
(693, 49, 40, 5.79),
(694, 49, 64, 0.73),
(695, 49, 66, 2.50),
(696, 49, 67, 2.35),
(697, 49, 68, 2.65),
(698, 49, 69, 2.55),
(699, 49, 71, 2.55),
(700, 49, 70, 2.92),
(701, 49, 72, 2.92),
(702, 49, 78, 4.25),
(703, 49, 8, 2.89);

-- --------------------------------------------------------

--
-- Estrutura da tabela `tblforma`
--

CREATE TABLE IF NOT EXISTS `tblforma` (
  `id` int(11) NOT NULL AUTO_INCREMENT,
  `descricao` varchar(100) DEFAULT NULL,
  `tipo` varchar(360) DEFAULT NULL,
  `dias` int(11) DEFAULT NULL,
  `obs` text NOT NULL,
  PRIMARY KEY (`id`)
) ENGINE=InnoDB  DEFAULT CHARSET=latin1 AUTO_INCREMENT=9 ;

--
-- Extraindo dados da tabela `tblforma`
--

INSERT INTO `tblforma` (`id`, `descricao`, `tipo`, `dias`, `obs`) VALUES
(1, 'À VISTA', 'À VISTA', NULL, 'Desconto de 5%'),
(2, '30', '30 DIAS', NULL, ''),
(3, '30/60', '30 / 60 DIAS', NULL, ''),
(4, '28/42', '28 / 42 DIAS', NULL, ''),
(5, '28', '28 DIAS', NULL, ''),
(6, '15', '15 DIAS', NULL, ''),
(7, '05', '05 DIAS', NULL, ''),
(8, '07', '07 DIAS', NULL, '');

-- --------------------------------------------------------

--
-- Estrutura da tabela `tblfornecedor`
--

CREATE TABLE IF NOT EXISTS `tblfornecedor` (
  `id` int(11) NOT NULL AUTO_INCREMENT,
  `codigo` varchar(50) NOT NULL,
  `nome` varchar(200) NOT NULL,
  `endereco` varchar(200) NOT NULL,
  `bairro` varchar(100) NOT NULL,
  `cidade` varchar(100) NOT NULL,
  `cep` varchar(10) NOT NULL,
  `uf` varchar(10) NOT NULL,
  `telefone1` varchar(20) NOT NULL,
  `telefone2` varchar(20) NOT NULL,
  `telefone3` varchar(20) NOT NULL,
  `cnpj` varchar(20) NOT NULL,
  `estadual` varchar(20) NOT NULL,
  `municipal` varchar(20) NOT NULL,
  `contato` varchar(20) NOT NULL,
  `email` varchar(50) NOT NULL,
  `obs` text NOT NULL,
  `tipo` varchar(10) NOT NULL,
  `fantasia` varchar(100) NOT NULL,
  `idforma` int(11) NOT NULL,
  PRIMARY KEY (`id`)
) ENGINE=InnoDB  DEFAULT CHARSET=latin1 AUTO_INCREMENT=6 ;

--
-- Extraindo dados da tabela `tblfornecedor`
--

INSERT INTO `tblfornecedor` (`id`, `codigo`, `nome`, `endereco`, `bairro`, `cidade`, `cep`, `uf`, `telefone1`, `telefone2`, `telefone3`, `cnpj`, `estadual`, `municipal`, `contato`, `email`, `obs`, `tipo`, `fantasia`, `idforma`) VALUES
(2, '1', 'FCP COMERCIAL DE PLÁSTICOS SINTÉTICO LTDA', 'AV. OLEGÁRIO MACIEL, 486', 'CENTRO', 'BELO HORIZONTE', '00000-000', 'MG', '(31) 3238 - 1234', '(31) 3238 - 0063', '(12) 3456 - 7890', '07544253000', '', '', '', '', '(31) 3238 - 0063\nInscrição Estadual - Isento\n', 'J', 'FCP', 1),
(3, '2', 'MAXXI QUÍMICA LTDA', 'AV. OLAVO DOS SANTOS, 480', 'DISTRITO INDUSTRIAL', 'PARÁ DE MINAS', '35660-251', 'MG', '(37) 3236 - 2723', '(31) 9979 - 0267', '', '02006487000', '471.708.721-0064', '', 'JOANA / DAYSE', 'vendasmaxxi@nwm.com.br', '(37) 3236 - 2723(31) 9979 - 0267', 'J', 'MAXXI QUÍMICA', 0),
(5, '3', 'MANCHESTER CHEMICAL PRODUTOS QUÍMICOS LTDA', 'RUA AMADEU, 645', 'VILA GUILHERME', 'SÃO PAULO', '02064-050', 'SP', '(31) 3355 - 9711', '', '(11) 6905 - 1522', '50555254000', '011.007.584-9117', '', 'VILMA / JÔ', 'manchester@manchesterchemical.com.br', '(31) 3355-9711\n(11) 6905-1522\n\njosilva@manchesterchemical.com.br', 'J', 'MANCHESTER', 0);

-- --------------------------------------------------------

--
-- Estrutura da tabela `tblfornecedormercadoria`
--

CREATE TABLE IF NOT EXISTS `tblfornecedormercadoria` (
  `Id` int(11) NOT NULL AUTO_INCREMENT,
  `idmercadoria` int(11) DEFAULT NULL,
  `idfornecedor` int(11) DEFAULT NULL,
  `checked` int(11) DEFAULT NULL,
  PRIMARY KEY (`Id`)
) ENGINE=InnoDB  DEFAULT CHARSET=latin1 AUTO_INCREMENT=112 ;

--
-- Extraindo dados da tabela `tblfornecedormercadoria`
--

INSERT INTO `tblfornecedormercadoria` (`Id`, `idmercadoria`, `idfornecedor`, `checked`) VALUES
(6, 1, 1, 1),
(40, 3, 6, 1),
(94, 3, 6, 1),
(95, 10, 6, 1),
(104, 3, 2, 1),
(105, 4, 2, 1),
(106, 5, 2, 1),
(107, 6, 2, 1),
(108, 7, 2, 1),
(109, 8, 2, 1),
(110, 9, 2, 1),
(111, 10, 3, 1);

-- --------------------------------------------------------

--
-- Estrutura da tabela `tblitemromanei`
--

CREATE TABLE IF NOT EXISTS `tblitemromanei` (
  `id` int(11) NOT NULL AUTO_INCREMENT,
  `idservico` int(11) DEFAULT NULL,
  `obra` varchar(20) DEFAULT NULL,
  `qtd` int(11) DEFAULT NULL,
  `valor` double(15,2) DEFAULT NULL,
  `subtotal` double(15,2) DEFAULT NULL,
  `idromanei` int(11) DEFAULT NULL,
  PRIMARY KEY (`id`)
) ENGINE=InnoDB  DEFAULT CHARSET=latin1 AUTO_INCREMENT=26 ;

--
-- Extraindo dados da tabela `tblitemromanei`
--

INSERT INTO `tblitemromanei` (`id`, `idservico`, `obra`, `qtd`, `valor`, `subtotal`, `idromanei`) VALUES
(1, 31, NULL, 1, 5.79, 5.00, 1),
(2, 69, NULL, 1, 2.69, 2.00, 1),
(3, 72, NULL, 8, 2.91, 23.00, 1),
(4, 6, NULL, 18, 2.00, 36.00, 2),
(5, 2, NULL, 19, 2.00, 38.00, 2),
(6, 98, NULL, 1, 4.00, 4.00, 2),
(7, 6, NULL, 18, 2.00, 43.00, 3),
(8, 2, NULL, 19, 2.00, 45.00, 3),
(9, 98, NULL, 1, 4.00, 4.00, 3),
(10, 6, NULL, 18, 2.42, 43.00, 4),
(11, 2, NULL, 19, 2.42, 45.00, 4),
(12, 98, NULL, 1, 4.28, 4.00, 4),
(16, 6, NULL, 13, 1.50, 19.50, 5),
(17, 48, NULL, 1, 0.78, 0.78, 5),
(18, 107, NULL, 15, 0.98, 14.70, 5),
(19, 42, NULL, 18, 1.98, 35.64, 5),
(20, 48, NULL, 12, 0.78, 9.36, 6),
(21, 79, NULL, 15, 6.43, 96.45, 6),
(22, 6, NULL, 27, 1.98, 53.46, 7),
(23, 2, NULL, 44, 1.98, 87.12, 7),
(24, 5, NULL, 4, 5.78, 23.12, 7),
(25, 37, NULL, 44, 1.37, 60.28, 7);

-- --------------------------------------------------------

--
-- Estrutura da tabela `tblmercadoria`
--

CREATE TABLE IF NOT EXISTS `tblmercadoria` (
  `id` int(11) NOT NULL AUTO_INCREMENT,
  `codigo` varchar(20) DEFAULT NULL,
  `descricao` varchar(100) DEFAULT NULL,
  `valor` double(15,2) DEFAULT NULL,
  `qtd` int(11) DEFAULT NULL,
  `qtdminimo` int(11) DEFAULT NULL,
  `obs` text,
  `unidade` varchar(10) NOT NULL,
  PRIMARY KEY (`id`)
) ENGINE=InnoDB  DEFAULT CHARSET=latin1 AUTO_INCREMENT=12 ;

--
-- Extraindo dados da tabela `tblmercadoria`
--

INSERT INTO `tblmercadoria` (`id`, `codigo`, `descricao`, `valor`, `qtd`, `qtdminimo`, `obs`, `unidade`) VALUES
(3, '1', 'LINHA 40 - COR BEGE', 4.90, 8, 5, 'ROLO DE LINHA PARA COSTURA / RECUPERAÇÃO', 'UN'),
(4, '2', 'LINHA 60 - COR CINZA CLARO', 4.90, 5, 3, 'ROLO DE LINHA PARA COSTURA / RECUPERAÇÃO', 'UN'),
(5, '3', 'LINHA 60 - COR CINZA ESCURO3', 4.90, 5, 5, 'ROLO DE LINHA PARA COSTURA / RECUPERAÇÃO', 'UN'),
(6, '4', 'VELCRO 50 PRETO', 0.93, 100, 50, 'VELCRO IMPORTADO - METRO', 'MT'),
(7, '5', 'VELCRO 50 BRANCO', 0.93, 50, 25, 'VELCRO IMPORTADO - METRO', 'MT'),
(8, '6', 'POLIESTER PVC 600 - PRETO', 3.50, 5, 3, 'LONA PARA ?', 'MT'),
(9, '7', 'LINHA 60 - COR BRANCA', 4.90, 15, 8, 'ROLO DE LINHA PARA COSTURA / RECUPERAÇÃO', 'UN'),
(10, '8', 'RENEX 95', 9.95, 50, 10, 'PRODUTO COM + 5% DO VALOR REFERENTE IPI - IMPOSTO PRODUTO INDUSTRIALIZADO.', 'KG'),
(11, '9', 'TESTE MERCADORIA FORNECEDOR', 1.29, 10, 5, 'MERCADORIA COTADA EM US$', 'UN');

-- --------------------------------------------------------

--
-- Estrutura da tabela `tblmotorista`
--

CREATE TABLE IF NOT EXISTS `tblmotorista` (
  `id` int(11) NOT NULL AUTO_INCREMENT,
  `codigo` varchar(10) NOT NULL,
  `nome` varchar(100) NOT NULL,
  `obs` text NOT NULL,
  PRIMARY KEY (`id`)
) ENGINE=InnoDB  DEFAULT CHARSET=latin1 AUTO_INCREMENT=8 ;

--
-- Extraindo dados da tabela `tblmotorista`
--

INSERT INTO `tblmotorista` (`id`, `codigo`, `nome`, `obs`) VALUES
(2, '1', 'CARLOS HAMILTON', 'teste obs'),
(3, '2', 'EDSON FRANCISCO', ''),
(4, '3', 'EDUARDO LUCIANO', ''),
(5, '4', 'RONAN BRUZZI', ''),
(6, '5', 'THALES HENRIQUE', ''),
(7, '6', 'CLIENTE', 'RESPONSÁVEL PELA COLETA / ENTREGA');

-- --------------------------------------------------------

--
-- Estrutura da tabela `tblromanei`
--

CREATE TABLE IF NOT EXISTS `tblromanei` (
  `id` int(11) NOT NULL AUTO_INCREMENT,
  `os` int(11) DEFAULT NULL,
  `data` date DEFAULT NULL,
  `idvendedor` int(11) DEFAULT NULL,
  `pedido` varchar(20) DEFAULT NULL,
  `volume` varchar(20) DEFAULT NULL,
  `idcliente` int(11) DEFAULT NULL,
  `solicitante` varchar(150) DEFAULT NULL,
  `idmotorista` int(11) DEFAULT NULL,
  `entrada` date DEFAULT NULL,
  `desconto` double(11,0) DEFAULT NULL,
  `valortotal` double(11,0) DEFAULT NULL,
  `idforma` int(11) DEFAULT NULL,
  `status` varchar(1) DEFAULT NULL,
  `obs` text NOT NULL,
  PRIMARY KEY (`id`),
  UNIQUE KEY `id` (`id`)
) ENGINE=InnoDB  DEFAULT CHARSET=latin1 AUTO_INCREMENT=8 ;

--
-- Extraindo dados da tabela `tblromanei`
--

INSERT INTO `tblromanei` (`id`, `os`, `data`, `idvendedor`, `pedido`, `volume`, `idcliente`, `solicitante`, `idmotorista`, `entrada`, `desconto`, `valortotal`, `idforma`, `status`, `obs`) VALUES
(1, 1, '2011-07-05', 6, '151', 'Ol', 7, 'Sol', 5, '2011-07-05', NULL, 32, 1, '', ''),
(2, 3, '2011-07-05', 5, '5616', '3', 5, 'VASCONCELOS', 6, '2011-06-30', 10, 68, 5, '', ''),
(3, 4, '2011-07-05', 5, '5616', '3', 5, 'VASCONCELOS', 6, '2011-06-30', NULL, 94, 5, '', ''),
(4, 5, '2011-07-05', 5, '5616', '3', 5, 'VASCONCELOS', 6, '2011-06-30', NULL, 94, 5, '', ''),
(5, 6, '2011-07-12', 3, '123', '15', 7, 'Sol', 6, '2010-01-01', 35, 36, 1, '', ''),
(7, 8, '2011-08-19', 4, '6159', NULL, 21, 'REFRAMAX', 6, '2011-08-19', 100, 124, 0, '', '');

-- --------------------------------------------------------

--
-- Estrutura da tabela `tblrota`
--

CREATE TABLE IF NOT EXISTS `tblrota` (
  `id` int(11) NOT NULL AUTO_INCREMENT,
  `codigo` varchar(10) NOT NULL,
  `descricao` varchar(100) NOT NULL,
  `obs` text NOT NULL,
  PRIMARY KEY (`id`)
) ENGINE=InnoDB  DEFAULT CHARSET=latin1 AUTO_INCREMENT=10 ;

--
-- Extraindo dados da tabela `tblrota`
--

INSERT INTO `tblrota` (`id`, `codigo`, `descricao`, `obs`) VALUES
(1, '1', 'DIÁRIO', 'ATENDIMENTO TODOS OS DIAS DA SEMANA\nGrupo '),
(2, '2', '2ª', '2ª-feira\nGrupo '),
(3, '3', '3ª', '3ª-feira\nGrupo '),
(4, '4', '4ª', '4ª-feira\nGrupo '),
(5, '5', '5ª', '5ª-feira\nGrupo '),
(6, '6', '6ª', '6ª-feira\nGrupo '),
(7, '7', 'CLIENTE', 'CLIENTE RESPONSÁVEL PELA RETIRADA DO MATERIAL'),
(8, '8', 'TRANSPORTADORA', 'SOLICITAR COLETA PELA TRANSPORTADORA QUE ATENDE O CLIENTE'),
(9, '9', 'INDETERMINADO', 'CLIENTE LOCALIZADO FORA DOS ROTEIROS - REGIÃO ISOLADA');

-- --------------------------------------------------------

--
-- Estrutura da tabela `tblrotacliente`
--

CREATE TABLE IF NOT EXISTS `tblrotacliente` (
  `id` int(11) NOT NULL AUTO_INCREMENT,
  `idcliente` int(11) DEFAULT NULL,
  `idrota` int(11) DEFAULT NULL,
  `checked` int(11) DEFAULT NULL,
  PRIMARY KEY (`id`),
  UNIQUE KEY `id` (`id`)
) ENGINE=InnoDB  DEFAULT CHARSET=latin1 AUTO_INCREMENT=482 ;

--
-- Extraindo dados da tabela `tblrotacliente`
--

INSERT INTO `tblrotacliente` (`id`, `idcliente`, `idrota`, `checked`) VALUES
(19, 1, 2, 1),
(20, 1, 4, 1),
(21, 2, 2, 1),
(22, 2, 4, 1),
(23, 3, 3, 1),
(24, 3, 6, 1),
(27, 4, 4, 1),
(98, 8, 2, 1),
(99, 8, 4, 1),
(100, 8, 6, 1),
(127, 5, 3, 1),
(128, 5, 6, 1),
(129, 7, 6, 1),
(130, 9, 2, 1),
(131, 9, 4, 1),
(150, 10, 1, 1),
(151, 10, 2, 1),
(152, 10, 3, 1),
(153, 10, 4, 1),
(154, 10, 5, 1),
(155, 10, 6, 1),
(156, 10, 7, 1),
(157, 10, 8, 1),
(158, 10, 9, 1),
(195, 11, 9, 1),
(210, 16, 3, 1),
(211, 16, 5, 1),
(212, 16, 6, 1),
(236, 22, 2, 1),
(237, 22, 4, 1),
(238, 22, 6, 1),
(239, 21, 8, 1),
(240, 21, 9, 1),
(252, 13, 2, 1),
(253, 13, 4, 1),
(259, 14, 5, 1),
(260, 18, 5, 1),
(262, 15, 9, 1),
(263, 20, 2, 1),
(264, 20, 4, 1),
(265, 20, 6, 1),
(266, 24, 2, 1),
(267, 24, 4, 1),
(270, 25, 4, 1),
(276, 26, 4, 1),
(277, 26, 6, 1),
(278, 27, 4, 1),
(280, 28, 4, 1),
(282, 29, 5, 1),
(292, 30, 1, 1),
(293, 30, 2, 1),
(294, 30, 3, 1),
(295, 30, 4, 1),
(296, 30, 5, 1),
(297, 30, 6, 1),
(298, 30, 7, 1),
(299, 30, 8, 1),
(300, 30, 9, 1),
(310, 31, 1, 1),
(311, 31, 2, 1),
(312, 31, 3, 1),
(313, 31, 4, 1),
(314, 31, 5, 1),
(315, 31, 6, 1),
(316, 31, 7, 1),
(317, 31, 8, 1),
(318, 31, 9, 1),
(320, 32, 6, 1),
(330, 33, 1, 1),
(331, 33, 2, 1),
(332, 33, 3, 1),
(333, 33, 4, 1),
(334, 33, 5, 1),
(335, 33, 6, 1),
(336, 33, 7, 1),
(337, 33, 8, 1),
(338, 33, 9, 1),
(348, 34, 1, 1),
(349, 34, 2, 1),
(350, 34, 3, 1),
(351, 34, 4, 1),
(352, 34, 5, 1),
(353, 34, 6, 1),
(354, 34, 7, 1),
(355, 34, 8, 1),
(356, 34, 9, 1),
(366, 35, 1, 1),
(367, 35, 2, 1),
(368, 35, 3, 1),
(369, 35, 4, 1),
(370, 35, 5, 1),
(371, 35, 6, 1),
(372, 35, 7, 1),
(373, 35, 8, 1),
(374, 35, 9, 1),
(411, 37, 1, 1),
(412, 37, 2, 1),
(413, 37, 3, 1),
(414, 37, 4, 1),
(415, 37, 5, 1),
(416, 37, 6, 1),
(417, 37, 7, 1),
(418, 37, 8, 1),
(419, 37, 9, 1),
(420, 23, 9, 1),
(421, 36, 1, 1),
(422, 36, 2, 1),
(423, 36, 3, 1),
(424, 36, 4, 1),
(425, 36, 5, 1),
(426, 36, 6, 1),
(427, 36, 7, 1),
(428, 36, 8, 1),
(429, 36, 9, 1),
(431, 38, 1, 1),
(432, 38, 2, 1),
(433, 38, 3, 1),
(434, 38, 4, 1),
(435, 38, 5, 1),
(436, 38, 6, 1),
(437, 38, 7, 1),
(438, 38, 8, 1),
(439, 38, 9, 1),
(442, 6, 4, 1),
(443, 6, 6, 1),
(446, 19, 2, 1),
(447, 19, 4, 1),
(454, 40, 3, 1),
(455, 40, 5, 1),
(456, 40, 7, 1),
(457, 41, 2, 1),
(458, 41, 4, 1),
(459, 41, 6, 1),
(460, 41, 7, 1),
(462, 42, 7, 1),
(463, 43, 6, 1),
(464, 44, 4, 1),
(465, 44, 6, 1),
(468, 45, 4, 1),
(469, 45, 9, 1),
(470, 46, 7, 1),
(471, 47, 4, 1),
(472, 47, 6, 1),
(473, 17, 5, 1),
(477, 39, 2, 1),
(478, 39, 4, 1),
(479, 39, 6, 1),
(480, 48, 9, 1),
(481, 49, 9, 1);

-- --------------------------------------------------------

--
-- Estrutura da tabela `tblservicos`
--

CREATE TABLE IF NOT EXISTS `tblservicos` (
  `id` int(11) NOT NULL AUTO_INCREMENT,
  `codigo` varchar(50) NOT NULL,
  `descricao` varchar(200) NOT NULL,
  `unidade` varchar(10) DEFAULT NULL,
  `precounitario` double(15,2) NOT NULL,
  `precosn` varchar(3) DEFAULT NULL,
  `rc` varchar(3) DEFAULT NULL,
  `qtd` varchar(3) DEFAULT NULL,
  `imposto` varchar(10) DEFAULT NULL,
  `desconto` varchar(10) NOT NULL,
  PRIMARY KEY (`id`)
) ENGINE=InnoDB  DEFAULT CHARSET=latin1 AUTO_INCREMENT=165 ;

--
-- Extraindo dados da tabela `tblservicos`
--

INSERT INTO `tblservicos` (`id`, `codigo`, `descricao`, `unidade`, `precounitario`, `precosn`, `rc`, `qtd`, `imposto`, `desconto`) VALUES
(2, '36', 'RECUP. CAMISA', 'UN', 2.42, NULL, NULL, NULL, NULL, ''),
(4, '3', 'LOCAÇÃO DE TOALHA INDUSTRIAL', 'UN', 0.61, NULL, NULL, NULL, NULL, ''),
(5, '28', 'RECUP. BOTA/SAPATO', 'PAR', 6.35, NULL, NULL, NULL, NULL, ''),
(6, '29', 'RECUP. CALÇA', 'UN', 2.42, NULL, NULL, NULL, NULL, ''),
(7, '4', 'RECUP. ABAFADOR DE RUÍDO', 'UN', 2.32, NULL, NULL, NULL, NULL, ''),
(8, '5', 'RECUP. AVENTAL DE BRIM', 'UN', 2.89, NULL, NULL, NULL, NULL, ''),
(9, '6', 'RECUP. AVENTAL DE LONA', 'UN', 2.89, NULL, NULL, NULL, NULL, ''),
(10, '7', 'RECUP. AVENTAL DE PVC', 'UN', 2.89, NULL, NULL, NULL, NULL, ''),
(11, '8', 'RECUP. AVENTAL DE RASPA C/ MANGA', 'UN', 9.31, NULL, NULL, NULL, NULL, ''),
(12, '9', 'RECUP. AVENTAL DE RASPA S/ MANGA', 'UN', 8.22, NULL, NULL, NULL, NULL, ''),
(13, '10', 'RECUP. BANDEIRA', 'UN', 6.76, NULL, NULL, NULL, NULL, ''),
(14, '11', 'RECUP. BERMUDA', 'UN', 2.39, NULL, NULL, NULL, NULL, ''),
(15, '12', 'RECUP. BLAYSER', 'UN', 2.69, NULL, NULL, NULL, NULL, ''),
(16, '30', 'RECUP. CAMISA DE MALHA', 'UN', 2.29, NULL, NULL, NULL, NULL, ''),
(17, '13', 'RECUP. BLUSÃO ACOLCHOADO', 'UN', 10.58, NULL, NULL, NULL, NULL, ''),
(18, '14', 'RECUP. BLUSÃO DE LONA', 'UN', 9.20, NULL, NULL, NULL, NULL, ''),
(19, '20', 'RECUP. BLUSÃO DE RASPA', 'UN', 11.11, NULL, NULL, NULL, NULL, ''),
(21, '15', 'RECUP. BLUSÃO FRIGORÍFICO', 'UN', 10.58, NULL, NULL, NULL, NULL, ''),
(22, '16', 'RECUP. BOLSA', 'UN', 1.70, NULL, NULL, NULL, NULL, ''),
(23, '17', 'RECUP. BONÉ', 'UN', 1.30, NULL, NULL, NULL, NULL, ''),
(24, '18', 'RECUP. BOTA DE VIRÍLIA', 'PAR', 7.56, NULL, NULL, NULL, NULL, ''),
(25, '27', 'RECUP. BOTA PVC', 'PAR', 6.35, NULL, NULL, NULL, NULL, ''),
(26, '31', 'RECUP. CALÇA DE PVC', 'UN', 2.48, NULL, NULL, NULL, NULL, ''),
(27, '32', 'RECUP. CALÇA DE RASPA', 'UN', 11.11, NULL, NULL, NULL, NULL, ''),
(28, '19', 'RECUP. CALÇA FRIGORÍFICO', 'UN', 5.49, NULL, NULL, NULL, NULL, ''),
(29, '33', 'RECUP. CALÇA NOMEX', 'UN', 3.42, NULL, NULL, NULL, NULL, ''),
(30, '34', 'RECUP. CAMISA NOMEX', 'UN', 3.42, NULL, NULL, NULL, NULL, ''),
(31, '35', 'RECUP. CALÇA OP. MOTOSSERRA', 'UN', 5.79, NULL, NULL, NULL, NULL, ''),
(32, '37', 'RECUP. CAMISA CONDUTIVA', 'UN', 3.29, NULL, NULL, NULL, NULL, ''),
(33, '40', 'RECUP. CAPA DE CHUVA', 'UN', 2.48, NULL, NULL, NULL, NULL, ''),
(34, '41', 'RECUP. CAPA P/ BANCO DE CARRO', 'UN', 5.43, NULL, NULL, NULL, NULL, ''),
(35, '43', 'RECUP. CAPACETE', 'UN', 3.59, NULL, NULL, NULL, NULL, ''),
(36, '42', 'RECUP. CAPACETE JATO', 'UN', 6.90, NULL, NULL, NULL, NULL, ''),
(37, '46', 'RECUP. CAPUZ', 'UN', 1.30, NULL, NULL, NULL, NULL, ''),
(38, '47', 'RECUP. CARNEIRA', 'UN', 0.97, NULL, NULL, NULL, NULL, ''),
(39, '48', 'RECUP. CINTO DE CARRO', 'UN', 8.76, NULL, NULL, NULL, NULL, ''),
(40, '50', 'RECUP. CINTO DE SEGURANÇA', 'UN', 5.49, NULL, NULL, NULL, NULL, ''),
(41, '44', 'RECUP. COBERTOR', 'UN', 4.53, NULL, NULL, NULL, NULL, ''),
(42, '45', 'RECUP. COLAR SERVICAL', 'UN', 1.98, NULL, NULL, NULL, NULL, ''),
(43, '49', 'RECUP. COLCHA', 'UN', 4.43, NULL, NULL, NULL, NULL, ''),
(44, '51', 'RECUP. CAPA DE COLCHÃO', 'UN', 20.00, NULL, NULL, NULL, NULL, ''),
(45, '52', 'RECUP. COLETE SALVA-VIDAS', 'UN', 3.97, NULL, NULL, NULL, NULL, ''),
(46, '53', 'RECUP. COMPRESSAS CIRURGICAS', 'UN', 1.19, NULL, NULL, NULL, NULL, ''),
(47, '54', 'RECUP. CONE', 'UN', 3.67, NULL, NULL, NULL, NULL, ''),
(48, '55', 'RECUP. CORDA ( METRO )', 'MT', 0.78, NULL, NULL, NULL, NULL, ''),
(49, '56', 'RECUP. CORTINA DE CAMINHÃO', 'UN', 1.44, NULL, NULL, NULL, NULL, ''),
(50, '57', 'RECUP. EDREDON SOLTEIRO', 'UN', 4.97, NULL, NULL, NULL, NULL, ''),
(51, '58', 'RECUP. EDREDON CASAL', 'UN', 6.45, NULL, NULL, NULL, NULL, ''),
(52, '58', 'RECUP. ENXARPE', 'UN', 1.50, NULL, NULL, NULL, NULL, ''),
(53, '59', 'RECUP. FAIXA REFLETIVA', 'UN', 1.98, NULL, NULL, NULL, NULL, ''),
(54, '60', 'RECUP. FRONHA', 'UN', 0.89, NULL, NULL, NULL, NULL, ''),
(55, '61', 'RECUP. GARRAFA TÉRMICA', 'UN', 5.31, NULL, NULL, NULL, NULL, ''),
(56, '62', 'RECUP. GORRO', 'UN', 1.45, NULL, NULL, NULL, NULL, ''),
(57, '63', 'RECUP. GRAVATA', 'UN', 1.19, NULL, NULL, NULL, NULL, ''),
(58, '64', 'RECUP. GUARDA-PÓ', 'UN', 2.56, NULL, NULL, NULL, NULL, ''),
(59, '65', 'RECUP. JALECO', 'UN', 2.69, NULL, NULL, NULL, NULL, ''),
(60, '66', 'RECUP. LENÇOL', 'UN', 1.74, NULL, NULL, NULL, NULL, ''),
(61, '67', 'RECUP. LUVA DE GRAFATEX', 'PAR', 2.56, NULL, NULL, NULL, NULL, ''),
(62, '68', 'RECUP. LUVA DE HELANCA', 'PAR', 0.49, NULL, NULL, NULL, NULL, ''),
(63, '69', 'RECUP. LUVA DE LONA C/ CURTO', 'PAR', 1.19, NULL, NULL, NULL, NULL, ''),
(64, '70', 'RECUP. LUVA DE MALHA', 'PAR', 0.69, NULL, NULL, NULL, NULL, ''),
(65, '71', 'RECUP. LUVA DE MALHA PIGMENTADA', 'PAR', 0.69, NULL, NULL, NULL, NULL, ''),
(66, '72', 'RECUP. LUVA DE NITRILON', 'PAR', 2.26, NULL, NULL, NULL, NULL, ''),
(67, '73', 'RECUP. LUVA DE PVC C/ CURTO', 'PAR', 2.26, NULL, NULL, NULL, NULL, ''),
(68, '74', 'RECUP. LUVA DE PVC C/ LONGO', 'PAR', 2.56, NULL, NULL, NULL, NULL, ''),
(69, '75', 'RECUP. LUVA DE RASPA C/ CURTO', 'PAR', 2.69, NULL, NULL, NULL, NULL, ''),
(70, '76', 'RECUP. LUVA DE RASPA C/ LONGO', 'PAR', 2.91, NULL, NULL, NULL, NULL, ''),
(71, '77', 'RECUP. LUVA DE VAQUETA C/ CURTO', 'PAR', 2.69, NULL, NULL, NULL, NULL, ''),
(72, '78', 'RECUP. LUVA DE VAQUETA C/ LONGO', 'PAR', 2.91, NULL, NULL, NULL, NULL, ''),
(73, '79', 'RECUP. LUVA FRIGORÍFICO', 'PAR', 2.91, NULL, NULL, NULL, NULL, ''),
(74, '80', 'RECUP. LUVA TÉRMICA', 'PAR', 2.91, NULL, NULL, NULL, NULL, ''),
(75, '81', 'RECUP. MACACÃO ACOLCHOADO', 'UN', 5.31, NULL, NULL, NULL, NULL, ''),
(76, '82', 'RECUP. MACACÃO PVC ACOPLADO', 'UN', 8.25, NULL, NULL, NULL, NULL, ''),
(77, '83', 'RECUP. MACACÃO PVC', 'UN', 5.75, NULL, NULL, NULL, NULL, ''),
(78, '84', 'RECUP. MACACÃO BRIM', 'UN', 4.03, NULL, NULL, NULL, NULL, ''),
(79, '85', 'RECUP. MACACÃO NOMEX', 'UN', 6.43, NULL, NULL, NULL, NULL, ''),
(80, '86', 'RECUP. MACACÃO TIVEK', 'UN', 4.50, NULL, NULL, NULL, NULL, ''),
(81, '87', 'RECUP. MALHA TUBOLAR', 'UN', 0.35, NULL, NULL, NULL, NULL, ''),
(82, '88', 'RECUP. MANGA DE BRIM', 'PAR', 3.98, NULL, NULL, NULL, NULL, ''),
(83, '89', 'RECUP. MANGA DE LONA', 'PAR', 4.28, NULL, NULL, NULL, NULL, ''),
(84, '90', 'RECUP. MANGA DE RASPA', 'PAR', 4.28, NULL, NULL, NULL, NULL, ''),
(85, '91', 'RECUP. MANGOTE DE RASPA', 'PAR', 8.50, NULL, NULL, NULL, NULL, ''),
(86, '92', 'RECUP. MANGUEIRA PARA COMPRESSOR', 'UN', 3.98, NULL, NULL, NULL, NULL, ''),
(87, '93', 'RECUP. MANTA DE RASPA', 'UN', 25.00, NULL, NULL, NULL, NULL, ''),
(88, '94', 'RECUP. MÁSCARA', 'UN', 2.32, NULL, NULL, NULL, NULL, ''),
(89, '95', 'RECUP. MÁSCARA DE SOLDA', 'UN', 3.53, NULL, NULL, NULL, NULL, ''),
(90, '96', 'RECUP. MEIÃO', 'UN', 1.19, NULL, NULL, NULL, NULL, ''),
(91, '97', 'RECUP. MOCHILA ESCOLAR', 'UN', 3.95, NULL, NULL, NULL, NULL, ''),
(92, '98', 'RECUP. MOCHILA DE CAMPING', 'UN', 5.61, NULL, NULL, NULL, NULL, ''),
(93, '99', 'RECUP. ÓCULOS DE PROTEÇÃO', 'UN', 2.25, NULL, NULL, NULL, NULL, ''),
(94, '100', 'RECUP. PALETÓ DE VAQUETA', 'UN', 6.82, NULL, NULL, NULL, NULL, ''),
(95, '101', 'RECUP. PANTUFA', 'PAR', 0.76, NULL, NULL, NULL, NULL, ''),
(96, '102', 'RECUP. PERNEIRA DE LONA', 'PAR', 4.28, NULL, NULL, NULL, NULL, ''),
(97, '103', 'RECUP. PERNEIRA DE PVC', 'PAR', 4.28, NULL, NULL, NULL, NULL, ''),
(98, '104', 'RECUP. PERNEIRA DE RASPA', 'PAR', 4.28, NULL, NULL, NULL, NULL, ''),
(99, '105', 'RECUP. POCHETE', 'UN', 2.29, NULL, NULL, NULL, NULL, ''),
(100, '106', 'RECUP. MÁSCARA RESPIRATÓRIA', 'UN', 3.57, NULL, NULL, NULL, NULL, ''),
(101, '106', 'RECUP. SHORT', 'UN', 2.10, NULL, NULL, NULL, NULL, ''),
(102, '107', 'RECUP. TALA 1º SOCORROS', 'UN', 1.49, NULL, NULL, NULL, NULL, ''),
(103, '108', 'RECUP. TALABARTE', 'UN', 1.19, NULL, NULL, NULL, NULL, ''),
(104, '109', 'RECUP. TAPETE', 'UN', 2.59, NULL, NULL, NULL, NULL, ''),
(105, '110', 'RECUP. TOALHA DE BANHO', 'UN', 1.29, NULL, NULL, NULL, NULL, ''),
(106, '111', 'RECUP. TOALHA DE MESA', 'UN', 6.90, NULL, NULL, NULL, NULL, ''),
(107, '112', 'RECUP. TOALHA DE ROSTO', 'UN', 0.98, NULL, NULL, NULL, NULL, ''),
(108, '113', 'RECUP. TOUCA', 'UN', 0.99, NULL, NULL, NULL, NULL, ''),
(109, '114', 'RECUP. CINTO DE SEGURANÇA COM BARRIGUEIRA', 'UN', 7.31, NULL, NULL, NULL, NULL, ''),
(110, '114', 'RECUP. JAQUETA DE MOTO', 'UN', 4.53, NULL, NULL, NULL, NULL, ''),
(111, '115', 'RECUP. TRAPO ESPECIAL - KG', 'KG', 8.30, NULL, NULL, NULL, NULL, ''),
(112, '116', 'RECUP. TRAPO', 'KG', 4.50, NULL, NULL, NULL, NULL, ''),
(113, '117', 'RECUP. TRAVA QUEDA', 'UN', 0.90, NULL, NULL, NULL, NULL, ''),
(114, '118', 'RECUP. PUNHO', 'PAR', 0.69, NULL, NULL, NULL, NULL, ''),
(115, '119', 'TOALHA INDUSTRIAL - NOVA', 'UN', 1.35, NULL, NULL, NULL, NULL, ''),
(116, '120', 'RECUP. LUVA WORKMAN', 'PAR', 1.71, NULL, NULL, NULL, NULL, ''),
(117, '121', 'HIGIENIZAÇÃO DE TOALHA INDUSTRIAL', 'UN', 0.45, NULL, NULL, NULL, NULL, ''),
(118, '122', 'RECUP. TRAVESSEIRO', 'UN', 1.98, NULL, NULL, NULL, NULL, ''),
(119, '123', 'RECUP. CALÇA DE RASPA - REFORMA', 'UN', 0.72, NULL, NULL, NULL, NULL, ''),
(120, '124', 'RECUP. BLUSÃO DE RASPA - REFORMA', 'UN', 7.85, NULL, NULL, NULL, NULL, ''),
(121, '125', 'RECUP. PALETÓ DE VAQUETA - REFORMA', 'UN', 10.25, NULL, NULL, NULL, NULL, ''),
(122, '126', 'RECUP. BANDEIROLA', 'UN', 1.36, NULL, NULL, NULL, NULL, ''),
(123, '127', 'RECUP. MACACÃO ABELHA', 'UN', 10.21, NULL, NULL, NULL, NULL, ''),
(124, '128', 'RECUP. CAPA ENCOSTO DE CABEÇA', 'UN', 0.79, NULL, NULL, NULL, NULL, ''),
(125, '129', 'RECUP. CALÇA ANTI-CHAMAS', 'UN', 3.48, NULL, NULL, NULL, NULL, ''),
(126, '130', 'RECUP. CAMISA ANTI-CHAMAS', 'UN', 3.48, NULL, NULL, NULL, NULL, ''),
(127, '131', 'RECUP. JAQUETA ANTI-CHAMAS', 'UN', 5.28, NULL, NULL, NULL, NULL, ''),
(128, '132', 'RECUP. FILTRO DE MANGA LINEAR', 'MT', 4.73, NULL, NULL, NULL, NULL, ''),
(129, '133', 'RECUP. BLUSÃO ANTI-CHAMAS', 'UN', 10.58, NULL, NULL, NULL, NULL, ''),
(130, '134', 'RECUP. FILTRO DE MANGA LINEAR', 'UN', 7.80, NULL, NULL, NULL, NULL, ''),
(131, '135', 'RECUP. CAPACETE ACOPLADO', 'UN', 4.28, NULL, NULL, NULL, NULL, ''),
(132, '136', 'RECUP. JAQUETA DE BRIM', 'UN', 3.98, NULL, NULL, NULL, NULL, ''),
(133, '137', 'RECUP. TIPOIA', 'UN', 2.29, NULL, NULL, NULL, NULL, ''),
(134, '138', 'TAXA DE SERVIÇO', 'UN', 20.00, NULL, NULL, NULL, NULL, ''),
(135, '139', 'RECUP. AVENTAL ALUMINIZADO', 'UN', 9.58, NULL, NULL, NULL, NULL, ''),
(136, '140', 'RECUP. MINI PERNEIRA DE LONA', 'UN', 2.87, NULL, NULL, NULL, NULL, ''),
(137, '141', 'RECUP. BOLSA DE VIAGEM', 'UN', 5.90, NULL, NULL, NULL, NULL, ''),
(138, '142', 'RECUP. JAQUETA JEANS', 'UN', 3.98, NULL, NULL, NULL, NULL, ''),
(139, '143', 'RECUP. REFORMA EM LUVA DE RASPA', 'PAR', 1.20, NULL, NULL, NULL, NULL, ''),
(140, '144', 'RECUP. LUVA DE RASPA C/ FORRO', 'PAR', 3.32, NULL, NULL, NULL, NULL, ''),
(141, '145', 'RECUP. LUVA DE PVC EXTRA LONGO', 'PAR', 2.98, NULL, NULL, NULL, NULL, ''),
(142, '146', 'RECUP. TOUCA ALUMINIZADA', 'UN', 2.98, NULL, NULL, NULL, NULL, ''),
(143, '147', 'RECUP. GUARDANAPO DE TECIDO', 'UN', 0.56, NULL, NULL, NULL, NULL, ''),
(144, '148', 'RECUP. PANO DE PRATO', 'UN', 0.85, NULL, NULL, NULL, NULL, ''),
(145, '149', 'RECUP. TOALHA DE MESA - METRO', 'MT', 1.30, NULL, NULL, NULL, NULL, ''),
(146, '150', 'RECUP. COLETE REFLETIVO', 'UN', 2.39, NULL, NULL, NULL, NULL, ''),
(147, '151', 'RECUP. MATERIAL DE RASPA', 'KG', 8.50, NULL, NULL, NULL, NULL, ''),
(148, '152', 'RECUP. MOP', 'UN', 2.90, NULL, NULL, NULL, NULL, ''),
(149, '154', 'RECUP. SAIA', 'UN', 2.39, NULL, NULL, NULL, NULL, ''),
(150, '153', 'RECUP. CAPUZ ANTI-CHAMAS', 'UN', 2.89, NULL, NULL, NULL, NULL, ''),
(151, '155', 'RECUP. MANGUEIRA', 'MT', 1.98, NULL, NULL, NULL, NULL, ''),
(152, '156', 'RECUP. CALÇA ABELHA', 'UN', 5.21, NULL, NULL, NULL, NULL, ''),
(153, '157', 'RECUP. CAMISA ABELHA', 'UN', 5.21, NULL, NULL, NULL, NULL, ''),
(154, '158', 'RECUP. LUVA DE LATEX', 'PAR', 2.26, NULL, NULL, NULL, NULL, ''),
(155, '159', 'RECUP. BLUSÃO DE ELETRICISTA', 'UN', 11.11, NULL, NULL, NULL, NULL, ''),
(156, '160', 'RECUP. CALÇA DE ELETRICISTA', 'UN', 4.29, NULL, NULL, NULL, NULL, ''),
(157, '161', 'RECUP. CAMISA DE ELETRICISTA', 'UN', 4.29, NULL, NULL, NULL, NULL, ''),
(158, '162', 'RECUP. CALÇA SECO', 'UN', 3.92, NULL, NULL, NULL, NULL, ''),
(159, '163', 'RECUP. CAMISA SECO', 'UN', 3.92, NULL, NULL, NULL, NULL, ''),
(160, '164', 'RECUP. CALÇA SOCIAL', 'UN', 3.90, NULL, NULL, NULL, NULL, ''),
(161, '165', 'RECUP. CAMISA SOCIAL', 'UN', 3.90, NULL, NULL, NULL, NULL, ''),
(162, '166', 'RECUP. PALETÓ SOCIAL', 'UN', 4.90, NULL, NULL, NULL, NULL, ''),
(163, '167', 'RECUP. CORDA P/ APITO', 'UN', 0.75, NULL, NULL, NULL, NULL, ''),
(164, '168', 'RECUP. MACACÃO ANTI-CHAMAS', 'UN', 15.40, NULL, NULL, NULL, NULL, '');

-- --------------------------------------------------------

--
-- Estrutura da tabela `tblusuario`
--

CREATE TABLE IF NOT EXISTS `tblusuario` (
  `Id` int(11) NOT NULL AUTO_INCREMENT,
  `login` varchar(255) DEFAULT NULL,
  `senha` varchar(255) DEFAULT NULL,
  `Nome` varchar(50) DEFAULT NULL,
  `IdUsuario` int(11) DEFAULT NULL,
  `Email` varchar(50) DEFAULT NULL,
  `Endereco` varchar(50) DEFAULT NULL,
  `Bairro` varchar(50) DEFAULT NULL,
  `Cidade` varchar(50) DEFAULT NULL,
  `Cep` varchar(50) DEFAULT NULL,
  `UF` varchar(50) DEFAULT NULL,
  `Telefone` varchar(50) DEFAULT NULL,
  `cota` varchar(200) DEFAULT NULL,
  `tema` varchar(255) DEFAULT NULL,
  `wallpapers` varchar(255) DEFAULT NULL,
  PRIMARY KEY (`Id`)
) ENGINE=InnoDB  DEFAULT CHARSET=latin1 AUTO_INCREMENT=2 ;

--
-- Extraindo dados da tabela `tblusuario`
--

INSERT INTO `tblusuario` (`Id`, `login`, `senha`, `Nome`, `IdUsuario`, `Email`, `Endereco`, `Bairro`, `Cidade`, `Cep`, `UF`, `Telefone`, `cota`, `tema`, `wallpapers`) VALUES
(1, 'admin', 'admin', 'Usuario Administrador', 0, '-', '-', '-', '-', '-', '-', '-', '-', 'blue', 'wallpapers/grande/000059.jpg');

-- --------------------------------------------------------

--
-- Estrutura da tabela `tblvendedor`
--

CREATE TABLE IF NOT EXISTS `tblvendedor` (
  `id` int(11) NOT NULL AUTO_INCREMENT,
  `codigo` varchar(10) NOT NULL,
  `nome` varchar(100) NOT NULL,
  `obs` text NOT NULL,
  PRIMARY KEY (`id`)
) ENGINE=InnoDB  DEFAULT CHARSET=latin1 AUTO_INCREMENT=7 ;

--
-- Extraindo dados da tabela `tblvendedor`
--

INSERT INTO `tblvendedor` (`id`, `codigo`, `nome`, `obs`) VALUES
(1, '1', 'CARLOS HAMILTON', ''),
(2, '2', 'EDSON FRANCISCO', ''),
(3, '3', 'EDUARDO LUCIANO', ''),
(4, '4', 'MARIA DO CARMO', ''),
(5, '5', 'RONAN BRUZZI', ''),
(6, '6', 'THALES HENRIQUE', '');
